task,k,log,eval_seed,value
future_activity_set,0,BPI17,0,0.7630761861801147
future_activity_set,0,BPI17,1,0.7626001834869385
future_activity_set,0,BPI17,2,0.7651888132095337
future_activity_set,0,BPI20ID,0,0.8379423022270203
future_activity_set,0,BPI20ID,1,0.8380587697029114
future_activity_set,0,BPI20ID,2,0.8344923853874207
future_activity_set,0,bpi13_incidents,0,0.796787440776825
future_activity_set,0,bpi13_incidents,1,0.7921339273452759
future_activity_set,0,bpi13_incidents,2,0.7949057221412659
future_activity_set,0,helpdesk,0,0.8749693036079407
future_activity_set,0,helpdesk,1,0.8736479878425598
future_activity_set,0,helpdesk,2,0.8726380467414856
future_activity_set,0,mimic_transfer,0,0.7861053943634033
future_activity_set,0,mimic_transfer,1,0.7848805785179138
future_activity_set,0,mimic_transfer,2,0.7856053113937378
future_activity_set,1,BPI17,0,0.7658975124359131
future_activity_set,1,BPI17,1,0.7684416174888611
future_activity_set,1,BPI17,2,0.7686384916305542
future_activity_set,1,BPI20ID,0,0.8193053603172302
future_activity_set,1,BPI20ID,1,0.8209144473075867
future_activity_set,1,BPI20ID,2,0.8193678855895996
future_activity_set,1,bpi13_incidents,0,0.8356257677078247
future_activity_set,1,bpi13_incidents,1,0.8374749422073364
future_activity_set,1,bpi13_incidents,2,0.8372791409492493
future_activity_set,1,helpdesk,0,0.8798421025276184
future_activity_set,1,helpdesk,1,0.8789370059967041
future_activity_set,1,helpdesk,2,0.8792890906333923
future_activity_set,1,mimic_transfer,0,0.8050348162651062
future_activity_set,1,mimic_transfer,1,0.8051391839981079
future_activity_set,1,mimic_transfer,2,0.8048563003540039
future_activity_set,2,BPI17,0,0.7642104625701904
future_activity_set,2,BPI17,1,0.7709752917289734
future_activity_set,2,BPI17,2,0.7713621854782104
future_activity_set,2,BPI20ID,0,0.8376898169517517
future_activity_set,2,BPI20ID,1,0.8368054628372192
future_activity_set,2,BPI20ID,2,0.8394978046417236
future_activity_set,2,bpi13_incidents,0,0.8279539346694946
future_activity_set,2,bpi13_incidents,1,0.841749906539917
future_activity_set,2,bpi13_incidents,2,0.8309206366539001
future_activity_set,2,helpdesk,0,0.8753068447113037
future_activity_set,2,helpdesk,1,0.8746627569198608
future_activity_set,2,helpdesk,2,0.8756756782531738
future_activity_set,2,mimic_transfer,0,0.8156394958496094
future_activity_set,2,mimic_transfer,1,0.8157191276550293
future_activity_set,2,mimic_transfer,2,0.8153955936431885
future_activity_set,3,BPI17,0,0.7723268866539001
future_activity_set,3,BPI17,1,0.7723742127418518
future_activity_set,3,BPI17,2,0.7769845128059387
future_activity_set,3,BPI20ID,0,0.8410465717315674
future_activity_set,3,BPI20ID,1,0.8399415016174316
future_activity_set,3,BPI20ID,2,0.8332541584968567
future_activity_set,3,bpi13_incidents,0,0.8265185356140137
future_activity_set,3,bpi13_incidents,1,0.8265682458877563
future_activity_set,3,bpi13_incidents,2,0.8255640864372253
future_activity_set,3,helpdesk,0,0.8826732635498047
future_activity_set,3,helpdesk,1,0.8812052607536316
future_activity_set,3,helpdesk,2,0.8800592422485352
future_activity_set,3,mimic_transfer,0,0.8170394897460938
future_activity_set,3,mimic_transfer,1,0.8172982335090637
future_activity_set,3,mimic_transfer,2,0.8166904449462891
future_activity_set,4,BPI17,0,0.7773518562316895
future_activity_set,4,BPI17,1,0.7735543251037598
future_activity_set,4,BPI17,2,0.77768874168396
future_activity_set,4,BPI20ID,0,0.8356239795684814
future_activity_set,4,BPI20ID,1,0.8389097452163696
future_activity_set,4,BPI20ID,2,0.8278915882110596
future_activity_set,4,bpi13_incidents,0,0.8366146087646484
future_activity_set,4,bpi13_incidents,1,0.8361319303512573
future_activity_set,4,bpi13_incidents,2,0.835792064666748
future_activity_set,4,helpdesk,0,0.8764545917510986
future_activity_set,4,helpdesk,1,0.8855421543121338
future_activity_set,4,helpdesk,2,0.8765767812728882
future_activity_set,4,mimic_transfer,0,0.8175597786903381
future_activity_set,4,mimic_transfer,1,0.8176648020744324
future_activity_set,4,mimic_transfer,2,0.8180202841758728
future_activity_set,5,BPI17,0,0.7829803824424744
future_activity_set,5,BPI17,1,0.7806839346885681
future_activity_set,5,BPI17,2,0.7815905809402466
future_activity_set,5,BPI20ID,0,0.8152216672897339
future_activity_set,5,BPI20ID,1,0.8171254992485046
future_activity_set,5,BPI20ID,2,0.8143507242202759
future_activity_set,5,bpi13_incidents,0,0.826386570930481
future_activity_set,5,bpi13_incidents,1,0.8261931538581848
future_activity_set,5,bpi13_incidents,2,0.8271461725234985
future_activity_set,5,helpdesk,0,0.8777585029602051
future_activity_set,5,helpdesk,1,0.8905109763145447
future_activity_set,5,helpdesk,2,0.8781211376190186
future_activity_set,5,mimic_transfer,0,0.8133724331855774
future_activity_set,5,mimic_transfer,1,0.8134328126907349
future_activity_set,5,mimic_transfer,2,0.8118671178817749
future_activity_set,6,BPI17,0,0.7806747555732727
future_activity_set,6,BPI17,1,0.7768704891204834
future_activity_set,6,BPI17,2,0.7804144620895386
future_activity_set,6,BPI20ID,0,0.8140703439712524
future_activity_set,6,BPI20ID,1,0.8158170580863953
future_activity_set,6,BPI20ID,2,0.8147972822189331
future_activity_set,6,bpi13_incidents,0,0.8352562785148621
future_activity_set,6,bpi13_incidents,1,0.8360635042190552
future_activity_set,6,bpi13_incidents,2,0.8334566950798035
future_activity_set,6,helpdesk,0,0.8881611824035645
future_activity_set,6,helpdesk,1,0.8937357068061829
future_activity_set,6,helpdesk,2,0.8898990154266357
future_activity_set,6,mimic_transfer,0,0.8124609589576721
future_activity_set,6,mimic_transfer,1,0.8120421767234802
future_activity_set,6,mimic_transfer,2,0.8125
future_activity_set,7,BPI17,0,0.7726289629936218
future_activity_set,7,BPI17,1,0.7669685482978821
future_activity_set,7,BPI17,2,0.7735278010368347
future_activity_set,7,BPI20ID,0,0.8581570982933044
future_activity_set,7,BPI20ID,1,0.8594443798065186
future_activity_set,7,BPI20ID,2,0.8550527691841125
future_activity_set,7,bpi13_incidents,0,0.8257978558540344
future_activity_set,7,bpi13_incidents,1,0.8361189961433411
future_activity_set,7,bpi13_incidents,2,0.8369556069374084
future_activity_set,7,helpdesk,0,0.8745039701461792
future_activity_set,7,helpdesk,1,0.8761193752288818
future_activity_set,7,helpdesk,2,0.8743793368339539
future_activity_set,7,mimic_transfer,0,0.8180042505264282
future_activity_set,7,mimic_transfer,1,0.8181253671646118
future_activity_set,7,mimic_transfer,2,0.8178590536117554
future_activity_set,8,BPI17,0,0.7726905941963196
future_activity_set,8,BPI17,1,0.7687540054321289
future_activity_set,8,BPI17,2,0.7695872187614441
future_activity_set,8,BPI20ID,0,0.8687106370925903
future_activity_set,8,BPI20ID,1,0.8665416836738586
future_activity_set,8,BPI20ID,2,0.8615415096282959
future_activity_set,8,bpi13_incidents,0,0.8312880992889404
future_activity_set,8,bpi13_incidents,1,0.836100697517395
future_activity_set,8,bpi13_incidents,2,0.8307293653488159
future_activity_set,8,helpdesk,0,0.8879396915435791
future_activity_set,8,helpdesk,1,0.8811955451965332
future_activity_set,8,helpdesk,2,0.8837790489196777
future_activity_set,8,mimic_transfer,0,0.8131124377250671
future_activity_set,8,mimic_transfer,1,0.8125
future_activity_set,8,mimic_transfer,2,0.8127227425575256
future_activity_set,9,BPI17,0,0.7658237218856812
future_activity_set,9,BPI17,1,0.7650712132453918
future_activity_set,9,BPI17,2,0.7668294310569763
future_activity_set,9,BPI20ID,0,0.8793871998786926
future_activity_set,9,BPI20ID,1,0.8786593079566956
future_activity_set,9,BPI20ID,2,0.8760859966278076
future_activity_set,9,bpi13_incidents,0,0.8303756713867188
future_activity_set,9,bpi13_incidents,1,0.8306759595870972
future_activity_set,9,bpi13_incidents,2,0.8292984962463379
future_activity_set,9,helpdesk,0,0.8781939744949341
future_activity_set,9,helpdesk,1,0.8777585029602051
future_activity_set,9,helpdesk,2,0.8808521032333374
future_activity_set,9,mimic_transfer,0,0.8182705044746399
future_activity_set,9,mimic_transfer,1,0.8175286054611206
future_activity_set,9,mimic_transfer,2,0.8180285692214966
future_activity_set,10,BPI17,0,0.7671474814414978
future_activity_set,10,BPI17,1,0.7631742358207703
future_activity_set,10,BPI17,2,0.7655928134918213
future_activity_set,10,BPI20ID,0,0.8480151891708374
future_activity_set,10,BPI20ID,1,0.8493120670318604
future_activity_set,10,BPI20ID,2,0.8455271124839783
future_activity_set,10,bpi13_incidents,0,0.8346777558326721
future_activity_set,10,bpi13_incidents,1,0.8358596563339233
future_activity_set,10,bpi13_incidents,2,0.8350977301597595
future_activity_set,10,helpdesk,0,0.8800198435783386
future_activity_set,10,helpdesk,1,0.8808161020278931
future_activity_set,10,helpdesk,2,0.8850574493408203
future_activity_set,10,mimic_transfer,0,0.8151776790618896
future_activity_set,10,mimic_transfer,1,0.8150324821472168
future_activity_set,10,mimic_transfer,2,0.8155668377876282
future_activity_set,11,BPI17,0,0.7690226435661316
future_activity_set,11,BPI17,1,0.7675961852073669
future_activity_set,11,BPI17,2,0.7674223184585571
future_activity_set,11,BPI20ID,0,0.8580574989318848
future_activity_set,11,BPI20ID,1,0.85224449634552
future_activity_set,11,BPI20ID,2,0.8497185707092285
future_activity_set,11,bpi13_incidents,0,0.8290417194366455
future_activity_set,11,bpi13_incidents,1,0.8246854543685913
future_activity_set,11,bpi13_incidents,2,0.8306268453598022
future_activity_set,11,helpdesk,0,0.8761388659477234
future_activity_set,11,helpdesk,1,0.8766313791275024
future_activity_set,11,helpdesk,2,0.875923216342926
future_activity_set,11,mimic_transfer,0,0.8157120943069458
future_activity_set,11,mimic_transfer,1,0.8153887391090393
future_activity_set,11,mimic_transfer,2,0.8161594867706299
future_activity_set,12,BPI17,0,0.767611563205719
future_activity_set,12,BPI17,1,0.7654989957809448
future_activity_set,12,BPI17,2,0.7662741541862488
future_activity_set,12,BPI20ID,0,0.8608148694038391
future_activity_set,12,BPI20ID,1,0.8598175048828125
future_activity_set,12,BPI20ID,2,0.8604933619499207
future_activity_set,12,bpi13_incidents,0,0.8298912048339844
future_activity_set,12,bpi13_incidents,1,0.8305400609970093
future_activity_set,12,bpi13_incidents,2,0.8299258351325989
future_activity_set,12,helpdesk,0,0.8701617121696472
future_activity_set,12,helpdesk,1,0.8777227997779846
future_activity_set,12,helpdesk,2,0.8802781701087952
future_activity_set,12,mimic_transfer,0,0.8190222382545471
future_activity_set,12,mimic_transfer,1,0.8188682794570923
future_activity_set,12,mimic_transfer,2,0.8186261653900146
future_activity_set,13,BPI17,0,0.7739405035972595
future_activity_set,13,BPI17,1,0.7731582522392273
future_activity_set,13,BPI17,2,0.7768443822860718
future_activity_set,13,BPI20ID,0,0.8555639982223511
future_activity_set,13,BPI20ID,1,0.8549988269805908
future_activity_set,13,BPI20ID,2,0.8554238677024841
future_activity_set,13,bpi13_incidents,0,0.8315803408622742
future_activity_set,13,bpi13_incidents,1,0.8332479596138
future_activity_set,13,bpi13_incidents,2,0.8324449062347412
future_activity_set,13,helpdesk,0,0.8934447169303894
future_activity_set,13,helpdesk,1,0.8935630917549133
future_activity_set,13,helpdesk,2,0.8858218193054199
future_activity_set,13,mimic_transfer,0,0.8169114589691162
future_activity_set,13,mimic_transfer,1,0.8174052238464355
future_activity_set,13,mimic_transfer,2,0.8177777528762817
future_activity_set,14,BPI17,0,0.7785572409629822
future_activity_set,14,BPI17,1,0.778481125831604
future_activity_set,14,BPI17,2,0.778525173664093
future_activity_set,14,BPI20ID,0,0.8296002745628357
future_activity_set,14,BPI20ID,1,0.8432124257087708
future_activity_set,14,BPI20ID,2,0.8416785597801208
future_activity_set,14,bpi13_incidents,0,0.8356695771217346
future_activity_set,14,bpi13_incidents,1,0.8353031277656555
future_activity_set,14,bpi13_incidents,2,0.8345555663108826
future_activity_set,14,helpdesk,0,0.8771583437919617
future_activity_set,14,helpdesk,1,0.8823237419128418
future_activity_set,14,helpdesk,2,0.8782415390014648
future_activity_set,14,mimic_transfer,0,0.8200888633728027
future_activity_set,14,mimic_transfer,1,0.8198005557060242
future_activity_set,14,mimic_transfer,2,0.8197070360183716
future_activity_set,15,BPI17,0,0.7748914957046509
future_activity_set,15,BPI17,1,0.7715287804603577
future_activity_set,15,BPI17,2,0.7732651233673096
future_activity_set,15,BPI20ID,0,0.8522664308547974
future_activity_set,15,BPI20ID,1,0.8499177694320679
future_activity_set,15,BPI20ID,2,0.8479630351066589
future_activity_set,15,bpi13_incidents,0,0.8408815264701843
future_activity_set,15,bpi13_incidents,1,0.839663565158844
future_activity_set,15,bpi13_incidents,2,0.8374040722846985
future_activity_set,15,helpdesk,0,0.8671225905418396
future_activity_set,15,helpdesk,1,0.8806747794151306
future_activity_set,15,helpdesk,2,0.8809523582458496
future_activity_set,15,mimic_transfer,0,0.8219955563545227
future_activity_set,15,mimic_transfer,1,0.8219639658927917
future_activity_set,15,mimic_transfer,2,0.8222675323486328
next_3_activities,0,BPI17,0,0.703593373298645
next_3_activities,0,BPI17,1,0.7034891843795776
next_3_activities,0,BPI17,2,0.7038109302520752
next_3_activities,0,BPI20ID,0,0.611710250377655
next_3_activities,0,BPI20ID,1,0.6099661588668823
next_3_activities,0,BPI20ID,2,0.6094678640365601
next_3_activities,0,bpi13_incidents,0,0.5314046740531921
next_3_activities,0,bpi13_incidents,1,0.5355817079544067
next_3_activities,0,bpi13_incidents,2,0.5324876308441162
next_3_activities,0,helpdesk,0,0.7374481558799744
next_3_activities,0,helpdesk,1,0.7190234661102295
next_3_activities,0,helpdesk,2,0.7466605305671692
next_3_activities,0,mimic_transfer,0,0.5491582751274109
next_3_activities,0,mimic_transfer,1,0.5494949221611023
next_3_activities,0,mimic_transfer,2,0.5488215684890747
next_3_activities,1,BPI17,0,0.713456392288208
next_3_activities,1,BPI17,1,0.7137572765350342
next_3_activities,1,BPI17,2,0.7143174409866333
next_3_activities,1,BPI20ID,0,0.6200747489929199
next_3_activities,1,BPI20ID,1,0.6048051118850708
next_3_activities,1,BPI20ID,2,0.6209645867347717
next_3_activities,1,bpi13_incidents,0,0.5639696717262268
next_3_activities,1,bpi13_incidents,1,0.5698484182357788
next_3_activities,1,bpi13_incidents,2,0.5685334205627441
next_3_activities,1,helpdesk,0,0.708889901638031
next_3_activities,1,helpdesk,1,0.71257483959198
next_3_activities,1,helpdesk,2,0.71257483959198
next_3_activities,1,mimic_transfer,0,0.5577440857887268
next_3_activities,1,mimic_transfer,1,0.5574073791503906
next_3_activities,1,mimic_transfer,2,0.5572390556335449
next_3_activities,2,BPI17,0,0.7217615842819214
next_3_activities,2,BPI17,1,0.7219768762588501
next_3_activities,2,BPI17,2,0.7232245206832886
next_3_activities,2,BPI20ID,0,0.6561309695243835
next_3_activities,2,BPI20ID,1,0.6602242588996887
next_3_activities,2,BPI20ID,2,0.662929356098175
next_3_activities,2,bpi13_incidents,0,0.5594832897186279
next_3_activities,2,bpi13_incidents,1,0.5650526285171509
next_3_activities,2,bpi13_incidents,2,0.5611076951026917
next_3_activities,2,helpdesk,0,0.7489635944366455
next_3_activities,2,helpdesk,1,0.7153385281562805
next_3_activities,2,helpdesk,2,0.7309995293617249
next_3_activities,2,mimic_transfer,0,0.5735689997673035
next_3_activities,2,mimic_transfer,1,0.5718855261802673
next_3_activities,2,mimic_transfer,2,0.5749158263206482
next_3_activities,3,BPI17,0,0.7466633319854736
next_3_activities,3,BPI17,1,0.7466957569122314
next_3_activities,3,BPI17,2,0.7470220923423767
next_3_activities,3,BPI20ID,0,0.6631073355674744
next_3_activities,3,BPI20ID,1,0.6550631523132324
next_3_activities,3,BPI20ID,2,0.6668446063995361
next_3_activities,3,bpi13_incidents,0,0.5573174357414246
next_3_activities,3,bpi13_incidents,1,0.562809407711029
next_3_activities,3,bpi13_incidents,2,0.5595606565475464
next_3_activities,3,helpdesk,0,0.7434362173080444
next_3_activities,3,helpdesk,1,0.7236296534538269
next_3_activities,3,helpdesk,2,0.7300782799720764
next_3_activities,3,mimic_transfer,0,0.5809764266014099
next_3_activities,3,mimic_transfer,1,0.5813131332397461
next_3_activities,3,mimic_transfer,2,0.5833333134651184
next_3_activities,4,BPI17,0,0.732356071472168
next_3_activities,4,BPI17,1,0.7319139242172241
next_3_activities,4,BPI17,2,0.7337170839309692
next_3_activities,4,BPI20ID,0,0.6433885097503662
next_3_activities,4,BPI20ID,1,0.6427478194236755
next_3_activities,4,BPI20ID,2,0.6443495154380798
next_3_activities,4,bpi13_incidents,0,0.5531404614448547
next_3_activities,4,bpi13_incidents,1,0.5467976331710815
next_3_activities,4,bpi13_incidents,2,0.5538366436958313
next_3_activities,4,helpdesk,0,0.7618609070777893
next_3_activities,4,helpdesk,1,0.768770158290863
next_3_activities,4,helpdesk,2,0.7770612835884094
next_3_activities,4,mimic_transfer,0,0.5878787636756897
next_3_activities,4,mimic_transfer,1,0.5858585834503174
next_3_activities,4,mimic_transfer,2,0.5873737335205078
next_3_activities,5,BPI17,0,0.7340805530548096
next_3_activities,5,BPI17,1,0.7346939444541931
next_3_activities,5,BPI17,2,0.733724057674408
next_3_activities,5,BPI20ID,0,0.6196476221084595
next_3_activities,5,BPI20ID,1,0.6208577752113342
next_3_activities,5,BPI20ID,2,0.6187222003936768
next_3_activities,5,bpi13_incidents,0,0.5576268434524536
next_3_activities,5,bpi13_incidents,1,0.5575494766235352
next_3_activities,5,bpi13_incidents,2,0.5534498691558838
next_3_activities,5,helpdesk,0,0.7540304064750671
next_3_activities,5,helpdesk,1,0.7549516558647156
next_3_activities,5,helpdesk,2,0.7563334703445435
next_3_activities,5,mimic_transfer,0,0.5814814567565918
next_3_activities,5,mimic_transfer,1,0.5845117568969727
next_3_activities,5,mimic_transfer,2,0.5845117568969727
next_3_activities,6,BPI17,0,0.7289025187492371
next_3_activities,6,BPI17,1,0.7300135493278503
next_3_activities,6,BPI17,2,0.7291085124015808
next_3_activities,6,BPI20ID,0,0.6063356399536133
next_3_activities,6,BPI20ID,1,0.6034169793128967
next_3_activities,6,BPI20ID,2,0.6038796901702881
next_3_activities,6,bpi13_incidents,0,0.5619585514068604
next_3_activities,6,bpi13_incidents,1,0.5570080280303955
next_3_activities,6,bpi13_incidents,2,0.5593286156654358
next_3_activities,6,helpdesk,0,0.772455096244812
next_3_activities,6,helpdesk,1,0.8102257251739502
next_3_activities,6,helpdesk,2,0.7835099101066589
next_3_activities,6,mimic_transfer,0,0.5670033693313599
next_3_activities,6,mimic_transfer,1,0.5666666626930237
next_3_activities,6,mimic_transfer,2,0.5683501958847046
next_3_activities,7,BPI17,0,0.7303769588470459
next_3_activities,7,BPI17,1,0.7310181260108948
next_3_activities,7,BPI17,2,0.7307241559028625
next_3_activities,7,BPI20ID,0,0.6458444595336914
next_3_activities,7,BPI20ID,1,0.648442804813385
next_3_activities,7,BPI20ID,2,0.6440647840499878
next_3_activities,7,bpi13_incidents,0,0.5548421740531921
next_3_activities,7,bpi13_incidents,1,0.5555383563041687
next_3_activities,7,bpi13_incidents,2,0.5515934228897095
next_3_activities,7,helpdesk,0,0.785352349281311
next_3_activities,7,helpdesk,1,0.7950253486633301
next_3_activities,7,helpdesk,2,0.8046982884407043
next_3_activities,7,mimic_transfer,0,0.5757575631141663
next_3_activities,7,mimic_transfer,1,0.5819865465164185
next_3_activities,7,mimic_transfer,2,0.5776094198226929
next_3_activities,8,BPI17,0,0.7273192405700684
next_3_activities,8,BPI17,1,0.727381706237793
next_3_activities,8,BPI17,2,0.728041410446167
next_3_activities,8,BPI20ID,0,0.6735005974769592
next_3_activities,8,BPI20ID,1,0.6702972054481506
next_3_activities,8,BPI20ID,2,0.6719701290130615
next_3_activities,8,bpi13_incidents,0,0.5500463843345642
next_3_activities,8,bpi13_incidents,1,0.5557703971862793
next_3_activities,8,bpi13_incidents,2,0.5434715151786804
next_3_activities,8,helpdesk,0,0.7683095335960388
next_3_activities,8,helpdesk,1,0.7655458450317383
next_3_activities,8,helpdesk,2,0.7784430980682373
next_3_activities,8,mimic_transfer,0,0.5861952900886536
next_3_activities,8,mimic_transfer,1,0.5861952900886536
next_3_activities,8,mimic_transfer,2,0.5850168466567993
next_3_activities,9,BPI17,0,0.714657723903656
next_3_activities,9,BPI17,1,0.7146553993225098
next_3_activities,9,BPI17,2,0.715157687664032
next_3_activities,9,BPI20ID,0,0.6920448541641235
next_3_activities,9,BPI20ID,1,0.6948211193084717
next_3_activities,9,BPI20ID,2,0.6967431902885437
next_3_activities,9,bpi13_incidents,0,0.5486540794372559
next_3_activities,9,bpi13_incidents,1,0.5502011179924011
next_3_activities,9,bpi13_incidents,2,0.5493502616882324
next_3_activities,9,helpdesk,0,0.7356057167053223
next_3_activities,9,helpdesk,1,0.7503454685211182
next_3_activities,9,helpdesk,2,0.7646245956420898
next_3_activities,9,mimic_transfer,0,0.585185170173645
next_3_activities,9,mimic_transfer,1,0.5858585834503174
next_3_activities,9,mimic_transfer,2,0.5875421166419983
next_3_activities,10,BPI17,0,0.718254804611206
next_3_activities,10,BPI17,1,0.7179585099220276
next_3_activities,10,BPI17,2,0.7174075841903687
next_3_activities,10,BPI20ID,0,0.6352375745773315
next_3_activities,10,BPI20ID,1,0.6388681530952454
next_3_activities,10,BPI20ID,2,0.6324613094329834
next_3_activities,10,bpi13_incidents,0,0.5498143434524536
next_3_activities,10,bpi13_incidents,1,0.547184407711029
next_3_activities,10,bpi13_incidents,2,0.5648205280303955
next_3_activities,10,helpdesk,0,0.7314601540565491
next_3_activities,10,helpdesk,1,0.7802855968475342
next_3_activities,10,helpdesk,2,0.7567940950393677
next_3_activities,10,mimic_transfer,0,0.5856902599334717
next_3_activities,10,mimic_transfer,1,0.5875421166419983
next_3_activities,10,mimic_transfer,2,0.5858585834503174
next_3_activities,11,BPI17,0,0.7308144569396973
next_3_activities,11,BPI17,1,0.730863094329834
next_3_activities,11,BPI17,2,0.7312774062156677
next_3_activities,11,BPI20ID,0,0.6795159578323364
next_3_activities,11,BPI20ID,1,0.6808685064315796
next_3_activities,11,BPI20ID,2,0.6816515326499939
next_3_activities,11,bpi13_incidents,0,0.5520575642585754
next_3_activities,11,bpi13_incidents,1,0.5544554591178894
next_3_activities,11,bpi13_incidents,2,0.5479578971862793
next_3_activities,11,helpdesk,0,0.7982496619224548
next_3_activities,11,helpdesk,1,0.7669276595115662
next_3_activities,11,helpdesk,2,0.749884843826294
next_3_activities,11,mimic_transfer,0,0.5824915766716003
next_3_activities,11,mimic_transfer,1,0.5819865465164185
next_3_activities,11,mimic_transfer,2,0.5836700201034546
next_3_activities,12,BPI17,0,0.7385756969451904
next_3_activities,12,BPI17,1,0.7381729483604431
next_3_activities,12,BPI17,2,0.7384946942329407
next_3_activities,12,BPI20ID,0,0.6694429516792297
next_3_activities,12,BPI20ID,1,0.6753159165382385
next_3_activities,12,BPI20ID,2,0.6717921495437622
next_3_activities,12,bpi13_incidents,0,0.5528310537338257
next_3_activities,12,bpi13_incidents,1,0.5567759871482849
next_3_activities,12,bpi13_incidents,2,0.5527536869049072
next_3_activities,12,helpdesk,0,0.8010133504867554
next_3_activities,12,helpdesk,1,0.7650852203369141
next_3_activities,12,helpdesk,2,0.7770612835884094
next_3_activities,12,mimic_transfer,0,0.5833333134651184
next_3_activities,12,mimic_transfer,1,0.5858585834503174
next_3_activities,12,mimic_transfer,2,0.5833333134651184
next_3_activities,13,BPI17,0,0.7230532169342041
next_3_activities,13,BPI17,1,0.7220555543899536
next_3_activities,13,BPI17,2,0.723111093044281
next_3_activities,13,BPI20ID,0,0.6731091141700745
next_3_activities,13,BPI20ID,1,0.6764904856681824
next_3_activities,13,BPI20ID,2,0.6755294799804688
next_3_activities,13,bpi13_incidents,0,0.5575494766235352
next_3_activities,13,bpi13_incidents,1,0.5577042102813721
next_3_activities,13,bpi13_incidents,2,0.5503557920455933
next_3_activities,13,helpdesk,0,0.7918010354042053
next_3_activities,13,helpdesk,1,0.7402119040489197
next_3_activities,13,helpdesk,2,0.7480424046516418
next_3_activities,13,mimic_transfer,0,0.5867003202438354
next_3_activities,13,mimic_transfer,1,0.5846801400184631
next_3_activities,13,mimic_transfer,2,0.5853535532951355
next_3_activities,14,BPI17,0,0.7300043106079102
next_3_activities,14,BPI17,1,0.7303885221481323
next_3_activities,14,BPI17,2,0.730687141418457
next_3_activities,14,BPI20ID,0,0.64986652135849
next_3_activities,14,BPI20ID,1,0.6473038196563721
next_3_activities,14,BPI20ID,2,0.6519665718078613
next_3_activities,14,bpi13_incidents,0,0.5459467768669128
next_3_activities,14,bpi13_incidents,1,0.5456373691558838
next_3_activities,14,bpi13_incidents,2,0.5500463843345642
next_3_activities,14,helpdesk,0,0.692307710647583
next_3_activities,14,helpdesk,1,0.7742975354194641
next_3_activities,14,helpdesk,2,0.7614002823829651
next_3_activities,14,mimic_transfer,0,0.5930976271629333
next_3_activities,14,mimic_transfer,1,0.5927609205245972
next_3_activities,14,mimic_transfer,2,0.5922558903694153
next_3_activities,15,BPI17,0,0.7140883207321167
next_3_activities,15,BPI17,1,0.7138267159461975
next_3_activities,15,BPI17,2,0.7145419716835022
next_3_activities,15,BPI20ID,0,0.671863317489624
next_3_activities,15,BPI20ID,1,0.6698700785636902
next_3_activities,15,BPI20ID,2,0.6683395504951477
next_3_activities,15,bpi13_incidents,0,0.5642790794372559
next_3_activities,15,bpi13_incidents,1,0.5708539485931396
next_3_activities,15,bpi13_incidents,2,0.5606435537338257
next_3_activities,15,helpdesk,0,0.7199447154998779
next_3_activities,15,helpdesk,1,0.7646245956420898
next_3_activities,15,helpdesk,2,0.7245509028434753
next_3_activities,15,mimic_transfer,0,0.5875421166419983
next_3_activities,15,mimic_transfer,1,0.5885521769523621
next_3_activities,15,mimic_transfer,2,0.587710440158844
next_5_activities,0,BPI17,0,0.6537371873855591
next_5_activities,0,BPI17,1,0.653190016746521
next_5_activities,0,BPI17,2,0.6535853147506714
next_5_activities,0,BPI20ID,0,0.5676074624061584
next_5_activities,0,BPI20ID,1,0.5681314468383789
next_5_activities,0,BPI20ID,2,0.5679409503936768
next_5_activities,0,bpi13_incidents,0,0.5145015120506287
next_5_activities,0,bpi13_incidents,1,0.5183647871017456
next_5_activities,0,bpi13_incidents,2,0.5171539187431335
next_5_activities,0,helpdesk,0,0.7219468355178833
next_5_activities,0,helpdesk,1,0.7616043090820312
next_5_activities,0,helpdesk,2,0.7634069323539734
next_5_activities,0,mimic_transfer,0,0.540448784828186
next_5_activities,0,mimic_transfer,1,0.5401535034179688
next_5_activities,0,mimic_transfer,2,0.5411868691444397
next_5_activities,1,BPI17,0,0.6577350497245789
next_5_activities,1,BPI17,1,0.657749354839325
next_5_activities,1,BPI17,2,0.6584641337394714
next_5_activities,1,BPI20ID,0,0.5745146870613098
next_5_activities,1,BPI20ID,1,0.5763487219810486
next_5_activities,1,BPI20ID,2,0.5764201283454895
next_5_activities,1,bpi13_incidents,0,0.5453497171401978
next_5_activities,1,bpi13_incidents,1,0.5417171120643616
next_5_activities,1,bpi13_incidents,2,0.5475407838821411
next_5_activities,1,helpdesk,0,0.7160883545875549
next_5_activities,1,helpdesk,1,0.7088778614997864
next_5_activities,1,helpdesk,2,0.7323118448257446
next_5_activities,1,mimic_transfer,0,0.5465013384819031
next_5_activities,1,mimic_transfer,1,0.5459108352661133
next_5_activities,1,mimic_transfer,2,0.5466489791870117
next_5_activities,2,BPI17,0,0.6704936027526855
next_5_activities,2,BPI17,1,0.6699721813201904
next_5_activities,2,BPI17,2,0.6702988147735596
next_5_activities,2,BPI20ID,0,0.6044777631759644
next_5_activities,2,BPI20ID,1,0.6071692109107971
next_5_activities,2,BPI20ID,2,0.6082172393798828
next_5_activities,2,bpi13_incidents,0,0.5367006659507751
next_5_activities,2,bpi13_incidents,1,0.5440812110900879
next_5_activities,2,bpi13_incidents,2,0.5369889736175537
next_5_activities,2,helpdesk,0,0.7187922596931458
next_5_activities,2,helpdesk,1,0.7160883545875549
next_5_activities,2,helpdesk,2,0.7390716671943665
next_5_activities,2,mimic_transfer,0,0.5618541240692139
next_5_activities,2,mimic_transfer,1,0.5625922679901123
next_5_activities,2,mimic_transfer,2,0.5614112615585327
next_5_activities,3,BPI17,0,0.6877585649490356
next_5_activities,3,BPI17,1,0.6867300868034363
next_5_activities,3,BPI17,2,0.6871583461761475
next_5_activities,3,BPI20ID,0,0.6125759482383728
next_5_activities,3,BPI20ID,1,0.6087173819541931
next_5_activities,3,BPI20ID,2,0.6134095788002014
next_5_activities,3,bpi13_incidents,0,0.5403909087181091
next_5_activities,3,bpi13_incidents,1,0.535662829875946
next_5_activities,3,bpi13_incidents,2,0.5339906811714172
next_5_activities,3,helpdesk,0,0.7151870131492615
next_5_activities,3,helpdesk,1,0.7142857313156128
next_5_activities,3,helpdesk,2,0.7598016858100891
next_5_activities,3,mimic_transfer,0,0.5679066777229309
next_5_activities,3,mimic_transfer,1,0.5667257308959961
next_5_activities,3,mimic_transfer,2,0.5679066777229309
next_5_activities,4,BPI17,0,0.673649251461029
next_5_activities,4,BPI17,1,0.6732410192489624
next_5_activities,4,BPI17,2,0.6741247773170471
next_5_activities,4,BPI20ID,0,0.5770870447158813
next_5_activities,4,BPI20ID,1,0.569894015789032
next_5_activities,4,BPI20ID,2,0.5751578211784363
next_5_activities,4,bpi13_incidents,0,0.5313382744789124
next_5_activities,4,bpi13_incidents,1,0.5338753461837769
next_5_activities,4,bpi13_incidents,2,0.5312229990959167
next_5_activities,4,helpdesk,0,0.7264533638954163
next_5_activities,4,helpdesk,1,0.7129337787628174
next_5_activities,4,helpdesk,2,0.7917981147766113
next_5_activities,4,mimic_transfer,0,0.5720401406288147
next_5_activities,4,mimic_transfer,1,0.5724830031394958
next_5_activities,4,mimic_transfer,2,0.5707115530967712
next_5_activities,5,BPI17,0,0.6744714379310608
next_5_activities,5,BPI17,1,0.6745631098747253
next_5_activities,5,BPI17,2,0.673480212688446
next_5_activities,5,BPI20ID,0,0.5538883209228516
next_5_activities,5,BPI20ID,1,0.5516493916511536
next_5_activities,5,BPI20ID,2,0.5395260453224182
next_5_activities,5,bpi13_incidents,0,0.537507951259613
next_5_activities,5,bpi13_incidents,1,0.5363547205924988
next_5_activities,5,bpi13_incidents,2,0.5326644778251648
next_5_activities,5,helpdesk,0,0.7273546457290649
next_5_activities,5,helpdesk,1,0.7354664206504822
next_5_activities,5,helpdesk,2,0.7782785296440125
next_5_activities,5,mimic_transfer,0,0.5702686905860901
next_5_activities,5,mimic_transfer,1,0.5692353248596191
next_5_activities,5,mimic_transfer,2,0.5702686905860901
next_5_activities,6,BPI17,0,0.6699435710906982
next_5_activities,6,BPI17,1,0.668475329875946
next_5_activities,6,BPI17,2,0.6693304777145386
next_5_activities,6,BPI20ID,0,0.5416696667671204
next_5_activities,6,BPI20ID,1,0.5464332699775696
next_5_activities,6,BPI20ID,2,0.5447421669960022
next_5_activities,6,bpi13_incidents,0,0.538372814655304
next_5_activities,6,bpi13_incidents,1,0.5391800999641418
next_5_activities,6,bpi13_incidents,2,0.5398719906806946
next_5_activities,6,helpdesk,0,0.7809824347496033
next_5_activities,6,helpdesk,1,0.7679134607315063
next_5_activities,6,helpdesk,2,0.8161333799362183
next_5_activities,6,mimic_transfer,0,0.5527015328407288
next_5_activities,6,mimic_transfer,1,0.5562444925308228
next_5_activities,6,mimic_transfer,2,0.5562444925308228
next_5_activities,7,BPI17,0,0.6728127002716064
next_5_activities,7,BPI17,1,0.6730533242225647
next_5_activities,7,BPI17,2,0.6726966500282288
next_5_activities,7,BPI20ID,0,0.5898059010505676
next_5_activities,7,BPI20ID,1,0.5923782587051392
next_5_activities,7,BPI20ID,2,0.5899726152420044
next_5_activities,7,bpi13_incidents,0,0.5353168249130249
next_5_activities,7,bpi13_incidents,1,0.5333563685417175
next_5_activities,7,bpi13_incidents,2,0.5331833958625793
next_5_activities,7,helpdesk,0,0.7363677620887756
next_5_activities,7,helpdesk,1,0.7278053164482117
next_5_activities,7,helpdesk,2,0.797205924987793
next_5_activities,7,mimic_transfer,0,0.5615589022636414
next_5_activities,7,mimic_transfer,1,0.5649542212486267
next_5_activities,7,mimic_transfer,2,0.5658400058746338
next_5_activities,8,BPI17,0,0.6676244735717773
next_5_activities,8,BPI17,1,0.6681559085845947
next_5_activities,8,BPI17,2,0.6677906513214111
next_5_activities,8,BPI20ID,0,0.6204596757888794
next_5_activities,8,BPI20ID,1,0.6186495423316956
next_5_activities,8,BPI20ID,2,0.6199356913566589
next_5_activities,8,bpi13_incidents,0,0.5289742350578308
next_5_activities,8,bpi13_incidents,1,0.5332410931587219
next_5_activities,8,bpi13_incidents,2,0.5312229990959167
next_5_activities,8,helpdesk,0,0.7548445463180542
next_5_activities,8,helpdesk,1,0.7823343873023987
next_5_activities,8,helpdesk,2,0.7665615081787109
next_5_activities,8,mimic_transfer,0,0.5696781873703003
next_5_activities,8,mimic_transfer,1,0.570416271686554
next_5_activities,8,mimic_transfer,2,0.5702686905860901
next_5_activities,9,BPI17,0,0.6604766845703125
next_5_activities,9,BPI17,1,0.6601329445838928
next_5_activities,9,BPI17,2,0.6600469946861267
next_5_activities,9,BPI20ID,0,0.6272716522216797
next_5_activities,9,BPI20ID,1,0.6282719969749451
next_5_activities,9,BPI20ID,2,0.6276527047157288
next_5_activities,9,bpi13_incidents,0,0.530358076095581
next_5_activities,9,bpi13_incidents,1,0.529147207736969
next_5_activities,9,bpi13_incidents,2,0.53076171875
next_5_activities,9,helpdesk,0,0.7534925937652588
next_5_activities,9,helpdesk,1,0.7634069323539734
next_5_activities,9,helpdesk,2,0.7534925937652588
next_5_activities,9,mimic_transfer,0,0.5701210498809814
next_5_activities,9,mimic_transfer,1,0.5676114559173584
next_5_activities,9,mimic_transfer,2,0.5701210498809814
next_5_activities,10,BPI17,0,0.6607345342636108
next_5_activities,10,BPI17,1,0.6611557006835938
next_5_activities,10,BPI17,2,0.6599639058113098
next_5_activities,10,BPI20ID,0,0.5891151428222656
next_5_activities,10,BPI20ID,1,0.5922353267669678
next_5_activities,10,BPI20ID,2,0.5889008045196533
next_5_activities,10,bpi13_incidents,0,0.5420054197311401
next_5_activities,10,bpi13_incidents,1,0.536527693271637
next_5_activities,10,bpi13_incidents,2,0.532606840133667
next_5_activities,10,helpdesk,0,0.7395222783088684
next_5_activities,10,helpdesk,1,0.7692654132843018
next_5_activities,10,helpdesk,2,0.8066696524620056
next_5_activities,10,mimic_transfer,0,0.5671685934066772
next_5_activities,10,mimic_transfer,1,0.5702686905860901
next_5_activities,10,mimic_transfer,2,0.5684971809387207
next_5_activities,11,BPI17,0,0.6706740856170654
next_5_activities,11,BPI17,1,0.6704750061035156
next_5_activities,11,BPI17,2,0.6706956028938293
next_5_activities,11,BPI20ID,0,0.6197927594184875
next_5_activities,11,BPI20ID,1,0.6183160543441772
next_5_activities,11,BPI20ID,2,0.6214600205421448
next_5_activities,11,bpi13_incidents,0,0.5320302248001099
next_5_activities,11,bpi13_incidents,1,0.5320878624916077
next_5_activities,11,bpi13_incidents,2,0.5276480317115784
next_5_activities,11,helpdesk,0,0.7760252356529236
next_5_activities,11,helpdesk,1,0.7485353946685791
next_5_activities,11,helpdesk,2,0.8026137948036194
next_5_activities,11,mimic_transfer,0,0.5690876841545105
next_5_activities,11,mimic_transfer,1,0.5679066777229309
next_5_activities,11,mimic_transfer,2,0.5689400434494019
next_5_activities,12,BPI17,0,0.6796897649765015
next_5_activities,12,BPI17,1,0.679374635219574
next_5_activities,12,BPI17,2,0.6792600154876709
next_5_activities,12,BPI20ID,0,0.6159342527389526
next_5_activities,12,BPI20ID,1,0.6173633337020874
next_5_activities,12,BPI20ID,2,0.6196498870849609
next_5_activities,12,bpi13_incidents,0,0.5399296283721924
next_5_activities,12,bpi13_incidents,1,0.5396990180015564
next_5_activities,12,bpi13_incidents,2,0.5329527854919434
next_5_activities,12,helpdesk,0,0.7913474440574646
next_5_activities,12,helpdesk,1,0.7634069323539734
next_5_activities,12,helpdesk,2,0.7886435389518738
next_5_activities,12,mimic_transfer,0,0.5708591938018799
next_5_activities,12,mimic_transfer,1,0.5717449188232422
next_5_activities,12,mimic_transfer,2,0.5707115530967712
next_5_activities,13,BPI17,0,0.664093554019928
next_5_activities,13,BPI17,1,0.6652222871780396
next_5_activities,13,BPI17,2,0.6646479368209839
next_5_activities,13,BPI20ID,0,0.6173157095909119
next_5_activities,13,BPI20ID,1,0.6177206039428711
next_5_activities,13,BPI20ID,2,0.6172680854797363
next_5_activities,13,bpi13_incidents,0,0.5356051325798035
next_5_activities,13,bpi13_incidents,1,0.5299544334411621
next_5_activities,13,bpi13_incidents,2,0.5346249341964722
next_5_activities,13,helpdesk,0,0.7327625155448914
next_5_activities,13,helpdesk,1,0.7656602263450623
next_5_activities,13,helpdesk,2,0.812077522277832
next_5_activities,13,mimic_transfer,0,0.5721877813339233
next_5_activities,13,mimic_transfer,1,0.5702686905860901
next_5_activities,13,mimic_transfer,2,0.5711544156074524
next_5_activities,14,BPI17,0,0.6697745323181152
next_5_activities,14,BPI17,1,0.6689022183418274
next_5_activities,14,BPI17,2,0.6688234210014343
next_5_activities,14,BPI20ID,0,0.5883291363716125
next_5_activities,14,BPI20ID,1,0.5835655331611633
next_5_activities,14,BPI20ID,2,0.5875193476676941
next_5_activities,14,bpi13_incidents,0,0.5249379873275757
next_5_activities,14,bpi13_incidents,1,0.5251686573028564
next_5_activities,14,bpi13_incidents,2,0.5259182453155518
next_5_activities,14,helpdesk,0,0.7863902449607849
next_5_activities,14,helpdesk,1,0.731410562992096
next_5_activities,14,helpdesk,2,0.7683641314506531
next_5_activities,14,mimic_transfer,0,0.5766164660453796
next_5_activities,14,mimic_transfer,1,0.5791260600090027
next_5_activities,14,mimic_transfer,2,0.5777974724769592
next_5_activities,15,BPI17,0,0.6588007807731628
next_5_activities,15,BPI17,1,0.6583839654922485
next_5_activities,15,BPI17,2,0.6590872406959534
next_5_activities,15,BPI20ID,0,0.6122186779975891
next_5_activities,15,BPI20ID,1,0.6087412238121033
next_5_activities,15,BPI20ID,2,0.6084554195404053
next_5_activities,15,bpi13_incidents,0,0.5396990180015564
next_5_activities,15,bpi13_incidents,1,0.5481173992156982
next_5_activities,15,bpi13_incidents,2,0.5434468984603882
next_5_activities,15,helpdesk,0,0.7638576030731201
next_5_activities,15,helpdesk,1,0.7327625155448914
next_5_activities,15,helpdesk,2,0.7354664206504822
next_5_activities,15,mimic_transfer,0,0.574845016002655
next_5_activities,15,mimic_transfer,1,0.573959231376648
next_5_activities,15,mimic_transfer,2,0.571302056312561
next_time,0,BPI17,0,0.5916553735733032
next_time,0,BPI17,1,0.6119697093963623
next_time,0,BPI17,2,0.5997795462608337
next_time,0,BPI20ID,0,4.421010971069336
next_time,0,BPI20ID,1,3.9049696922302246
next_time,0,BPI20ID,2,3.8722646236419678
next_time,0,bpi13_incidents,0,0.8803051114082336
next_time,0,bpi13_incidents,1,0.8808899521827698
next_time,0,bpi13_incidents,2,0.8811259269714355
next_time,0,helpdesk,0,3.546661138534546
next_time,0,helpdesk,1,3.4843811988830566
next_time,0,helpdesk,2,3.4608571529388428
next_time,0,mimic_transfer,0,1.1561421155929565
next_time,0,mimic_transfer,1,1.15528404712677
next_time,0,mimic_transfer,2,1.161989688873291
next_time,1,BPI17,0,0.586130678653717
next_time,1,BPI17,1,0.5840450525283813
next_time,1,BPI17,2,0.5877792239189148
next_time,1,BPI20ID,0,3.8938541412353516
next_time,1,BPI20ID,1,3.863374948501587
next_time,1,BPI20ID,2,3.776289701461792
next_time,1,bpi13_incidents,0,0.6533926725387573
next_time,1,bpi13_incidents,1,0.6440190076828003
next_time,1,bpi13_incidents,2,0.6498352885246277
next_time,1,helpdesk,0,3.4972281455993652
next_time,1,helpdesk,1,3.5282418727874756
next_time,1,helpdesk,2,3.5155835151672363
next_time,1,mimic_transfer,0,1.0820976495742798
next_time,1,mimic_transfer,1,1.0690107345581055
next_time,1,mimic_transfer,2,1.0609586238861084
next_time,2,BPI17,0,0.6181069016456604
next_time,2,BPI17,1,0.5718821883201599
next_time,2,BPI17,2,0.5812807083129883
next_time,2,BPI20ID,0,3.8110055923461914
next_time,2,BPI20ID,1,3.901111364364624
next_time,2,BPI20ID,2,4.039696216583252
next_time,2,bpi13_incidents,0,0.6703262329101562
next_time,2,bpi13_incidents,1,0.6677902340888977
next_time,2,bpi13_incidents,2,0.6523337960243225
next_time,2,helpdesk,0,3.5132570266723633
next_time,2,helpdesk,1,3.5183377265930176
next_time,2,helpdesk,2,3.483184814453125
next_time,2,mimic_transfer,0,1.0782053470611572
next_time,2,mimic_transfer,1,1.1152896881103516
next_time,2,mimic_transfer,2,1.0928936004638672
next_time,3,BPI17,0,0.5859913229942322
next_time,3,BPI17,1,0.5868096947669983
next_time,3,BPI17,2,0.5837874412536621
next_time,3,BPI20ID,0,3.6988589763641357
next_time,3,BPI20ID,1,3.851947069168091
next_time,3,BPI20ID,2,3.8224904537200928
next_time,3,bpi13_incidents,0,0.6375672817230225
next_time,3,bpi13_incidents,1,0.6392887830734253
next_time,3,bpi13_incidents,2,0.6617525815963745
next_time,3,helpdesk,0,3.5526411533355713
next_time,3,helpdesk,1,3.514040231704712
next_time,3,helpdesk,2,3.5070505142211914
next_time,3,mimic_transfer,0,1.0694957971572876
next_time,3,mimic_transfer,1,1.068225622177124
next_time,3,mimic_transfer,2,1.0780757665634155
next_time,4,BPI17,0,0.5935356616973877
next_time,4,BPI17,1,0.5981957316398621
next_time,4,BPI17,2,0.5914169549942017
next_time,4,BPI20ID,0,4.014878273010254
next_time,4,BPI20ID,1,4.23589563369751
next_time,4,BPI20ID,2,4.345400810241699
next_time,4,bpi13_incidents,0,0.599104106426239
next_time,4,bpi13_incidents,1,0.6089206337928772
next_time,4,bpi13_incidents,2,0.6017533540725708
next_time,4,helpdesk,0,3.506626605987549
next_time,4,helpdesk,1,3.4991605281829834
next_time,4,helpdesk,2,3.5086748600006104
next_time,4,mimic_transfer,0,1.1093093156814575
next_time,4,mimic_transfer,1,1.1024060249328613
next_time,4,mimic_transfer,2,1.1053946018218994
next_time,5,BPI17,0,0.5656161904335022
next_time,5,BPI17,1,0.5531677007675171
next_time,5,BPI17,2,0.5546313524246216
next_time,5,BPI20ID,0,3.6465659141540527
next_time,5,BPI20ID,1,3.756589889526367
next_time,5,BPI20ID,2,3.697227954864502
next_time,5,bpi13_incidents,0,0.6139689087867737
next_time,5,bpi13_incidents,1,0.6202518939971924
next_time,5,bpi13_incidents,2,0.6146401166915894
next_time,5,helpdesk,0,3.519216775894165
next_time,5,helpdesk,1,3.5210540294647217
next_time,5,helpdesk,2,3.5224974155426025
next_time,5,mimic_transfer,0,1.1076719760894775
next_time,5,mimic_transfer,1,1.1180747747421265
next_time,5,mimic_transfer,2,1.1179702281951904
next_time,6,BPI17,0,0.59017014503479
next_time,6,BPI17,1,0.5902442336082458
next_time,6,BPI17,2,0.590710461139679
next_time,6,BPI20ID,0,3.9606432914733887
next_time,6,BPI20ID,1,3.8383569717407227
next_time,6,BPI20ID,2,3.8899974822998047
next_time,6,bpi13_incidents,0,0.6284348964691162
next_time,6,bpi13_incidents,1,0.6305664777755737
next_time,6,bpi13_incidents,2,0.6329596042633057
next_time,6,helpdesk,0,3.572399616241455
next_time,6,helpdesk,1,3.548229932785034
next_time,6,helpdesk,2,3.5455448627471924
next_time,6,mimic_transfer,0,1.1200664043426514
next_time,6,mimic_transfer,1,1.135743260383606
next_time,6,mimic_transfer,2,1.1624878644943237
next_time,7,BPI17,0,0.5836859941482544
next_time,7,BPI17,1,0.5939916968345642
next_time,7,BPI17,2,0.6056877374649048
next_time,7,BPI20ID,0,3.633540630340576
next_time,7,BPI20ID,1,3.558289051055908
next_time,7,BPI20ID,2,3.6284942626953125
next_time,7,bpi13_incidents,0,0.6061965227127075
next_time,7,bpi13_incidents,1,0.6133089065551758
next_time,7,bpi13_incidents,2,0.6058260798454285
next_time,7,helpdesk,0,3.5110785961151123
next_time,7,helpdesk,1,3.518643379211426
next_time,7,helpdesk,2,3.503962278366089
next_time,7,mimic_transfer,0,1.0806958675384521
next_time,7,mimic_transfer,1,1.094454288482666
next_time,7,mimic_transfer,2,1.086972951889038
next_time,8,BPI17,0,0.5913663506507874
next_time,8,BPI17,1,0.5913698077201843
next_time,8,BPI17,2,0.5907801389694214
next_time,8,BPI20ID,0,4.219964027404785
next_time,8,BPI20ID,1,4.182978630065918
next_time,8,BPI20ID,2,4.0349602699279785
next_time,8,bpi13_incidents,0,0.5930403470993042
next_time,8,bpi13_incidents,1,0.5935883522033691
next_time,8,bpi13_incidents,2,0.5853390693664551
next_time,8,helpdesk,0,3.506211757659912
next_time,8,helpdesk,1,3.565683126449585
next_time,8,helpdesk,2,3.588529348373413
next_time,8,mimic_transfer,0,1.119111180305481
next_time,8,mimic_transfer,1,1.117667555809021
next_time,8,mimic_transfer,2,1.1239404678344727
next_time,9,BPI17,0,0.5900833606719971
next_time,9,BPI17,1,0.589656412601471
next_time,9,BPI17,2,0.5903763771057129
next_time,9,BPI20ID,0,3.5873281955718994
next_time,9,BPI20ID,1,3.6220641136169434
next_time,9,BPI20ID,2,3.6084718704223633
next_time,9,bpi13_incidents,0,0.5928025841712952
next_time,9,bpi13_incidents,1,0.591874361038208
next_time,9,bpi13_incidents,2,0.5850867033004761
next_time,9,helpdesk,0,3.49336576461792
next_time,9,helpdesk,1,3.514441728591919
next_time,9,helpdesk,2,3.505403518676758
next_time,9,mimic_transfer,0,1.0785483121871948
next_time,9,mimic_transfer,1,1.0894180536270142
next_time,9,mimic_transfer,2,1.098251461982727
next_time,10,BPI17,0,0.583267867565155
next_time,10,BPI17,1,0.5823875665664673
next_time,10,BPI17,2,0.5830767154693604
next_time,10,BPI20ID,0,4.252812385559082
next_time,10,BPI20ID,1,3.7876880168914795
next_time,10,BPI20ID,2,3.7926881313323975
next_time,10,bpi13_incidents,0,0.6113341450691223
next_time,10,bpi13_incidents,1,0.6099832653999329
next_time,10,bpi13_incidents,2,0.6043993830680847
next_time,10,helpdesk,0,3.517878293991089
next_time,10,helpdesk,1,3.551745653152466
next_time,10,helpdesk,2,3.552412748336792
next_time,10,mimic_transfer,0,1.0722167491912842
next_time,10,mimic_transfer,1,1.0784015655517578
next_time,10,mimic_transfer,2,1.0897173881530762
next_time,11,BPI17,0,0.5482263565063477
next_time,11,BPI17,1,0.5669417977333069
next_time,11,BPI17,2,0.5827611684799194
next_time,11,BPI20ID,0,3.5607216358184814
next_time,11,BPI20ID,1,3.6843032836914062
next_time,11,BPI20ID,2,3.565922260284424
next_time,11,bpi13_incidents,0,0.600337564945221
next_time,11,bpi13_incidents,1,0.6002967953681946
next_time,11,bpi13_incidents,2,0.6010029911994934
next_time,11,helpdesk,0,3.5725176334381104
next_time,11,helpdesk,1,3.5388245582580566
next_time,11,helpdesk,2,3.543382167816162
next_time,11,mimic_transfer,0,1.077470302581787
next_time,11,mimic_transfer,1,1.085746169090271
next_time,11,mimic_transfer,2,1.0796456336975098
next_time,12,BPI17,0,0.5291002988815308
next_time,12,BPI17,1,0.5537631511688232
next_time,12,BPI17,2,0.5347540974617004
next_time,12,BPI20ID,0,3.5785367488861084
next_time,12,BPI20ID,1,3.545029878616333
next_time,12,BPI20ID,2,3.7401211261749268
next_time,12,bpi13_incidents,0,0.6074591875076294
next_time,12,bpi13_incidents,1,0.6067880392074585
next_time,12,bpi13_incidents,2,0.6069358587265015
next_time,12,helpdesk,0,3.4722847938537598
next_time,12,helpdesk,1,3.502582550048828
next_time,12,helpdesk,2,3.4736385345458984
next_time,12,mimic_transfer,0,1.0616651773452759
next_time,12,mimic_transfer,1,1.0588767528533936
next_time,12,mimic_transfer,2,1.0693070888519287
next_time,13,BPI17,0,0.5886906385421753
next_time,13,BPI17,1,0.5892383456230164
next_time,13,BPI17,2,0.5900447964668274
next_time,13,BPI20ID,0,4.181386947631836
next_time,13,BPI20ID,1,4.187005043029785
next_time,13,BPI20ID,2,4.001524448394775
next_time,13,bpi13_incidents,0,0.6471328139305115
next_time,13,bpi13_incidents,1,0.6204521656036377
next_time,13,bpi13_incidents,2,0.6397312879562378
next_time,13,helpdesk,0,3.5362181663513184
next_time,13,helpdesk,1,3.5424606800079346
next_time,13,helpdesk,2,3.4946916103363037
next_time,13,mimic_transfer,0,1.0944342613220215
next_time,13,mimic_transfer,1,1.0759624242782593
next_time,13,mimic_transfer,2,1.0863263607025146
next_time,14,BPI17,0,0.5816760063171387
next_time,14,BPI17,1,0.582474946975708
next_time,14,BPI17,2,0.5807341933250427
next_time,14,BPI20ID,0,3.790083169937134
next_time,14,BPI20ID,1,3.6854560375213623
next_time,14,BPI20ID,2,3.662505865097046
next_time,14,bpi13_incidents,0,0.6074351668357849
next_time,14,bpi13_incidents,1,0.6082484126091003
next_time,14,bpi13_incidents,2,0.6081070303916931
next_time,14,helpdesk,0,3.5220439434051514
next_time,14,helpdesk,1,3.52496600151062
next_time,14,helpdesk,2,3.519282341003418
next_time,14,mimic_transfer,0,1.0766162872314453
next_time,14,mimic_transfer,1,1.0819512605667114
next_time,14,mimic_transfer,2,1.0807098150253296
next_time,15,BPI17,0,0.57192462682724
next_time,15,BPI17,1,0.5907349586486816
next_time,15,BPI17,2,0.5566971302032471
next_time,15,BPI20ID,0,3.8862621784210205
next_time,15,BPI20ID,1,3.8603925704956055
next_time,15,BPI20ID,2,3.792651891708374
next_time,15,bpi13_incidents,0,0.6527746319770813
next_time,15,bpi13_incidents,1,0.6419890522956848
next_time,15,bpi13_incidents,2,0.6475633978843689
next_time,15,helpdesk,0,3.48742413520813
next_time,15,helpdesk,1,3.535513162612915
next_time,15,helpdesk,2,3.562924385070801
next_time,15,mimic_transfer,0,1.067091941833496
next_time,15,mimic_transfer,1,1.0610206127166748
next_time,15,mimic_transfer,2,1.0625696182250977
remaining_count,0,BPI17,0,8.14370059967041
remaining_count,0,BPI17,1,8.141197204589844
remaining_count,0,BPI17,2,8.143929481506348
remaining_count,0,BPI20ID,0,1.2176902294158936
remaining_count,0,BPI20ID,1,1.1757328510284424
remaining_count,0,BPI20ID,2,1.2329438924789429
remaining_count,0,bpi13_incidents,0,2.4934816360473633
remaining_count,0,bpi13_incidents,1,2.373324394226074
remaining_count,0,bpi13_incidents,2,2.4256980419158936
remaining_count,0,helpdesk,0,0.30544212460517883
remaining_count,0,helpdesk,1,0.3076620399951935
remaining_count,0,helpdesk,2,0.3073061406612396
remaining_count,0,mimic_transfer,0,0.6428208351135254
remaining_count,0,mimic_transfer,1,0.6430871486663818
remaining_count,0,mimic_transfer,2,0.6519936323165894
remaining_count,1,BPI17,0,8.158799171447754
remaining_count,1,BPI17,1,8.126935005187988
remaining_count,1,BPI17,2,8.144169807434082
remaining_count,1,BPI20ID,0,1.2570490837097168
remaining_count,1,BPI20ID,1,1.2436318397521973
remaining_count,1,BPI20ID,2,1.2589168548583984
remaining_count,1,bpi13_incidents,0,2.0583243370056152
remaining_count,1,bpi13_incidents,1,2.073972225189209
remaining_count,1,bpi13_incidents,2,2.0748534202575684
remaining_count,1,helpdesk,0,0.3164690434932709
remaining_count,1,helpdesk,1,0.32166483998298645
remaining_count,1,helpdesk,2,0.31723111867904663
remaining_count,1,mimic_transfer,0,0.5818068385124207
remaining_count,1,mimic_transfer,1,0.5816154479980469
remaining_count,1,mimic_transfer,2,0.5827481746673584
remaining_count,2,BPI17,0,8.115639686584473
remaining_count,2,BPI17,1,8.110650062561035
remaining_count,2,BPI17,2,8.105500221252441
remaining_count,2,BPI20ID,0,1.1252390146255493
remaining_count,2,BPI20ID,1,1.119044303894043
remaining_count,2,BPI20ID,2,1.1460627317428589
remaining_count,2,bpi13_incidents,0,2.1225357055664062
remaining_count,2,bpi13_incidents,1,2.0817630290985107
remaining_count,2,bpi13_incidents,2,2.0534861087799072
remaining_count,2,helpdesk,0,0.3088412284851074
remaining_count,2,helpdesk,1,0.3130117654800415
remaining_count,2,helpdesk,2,0.3022049367427826
remaining_count,2,mimic_transfer,0,0.5449311137199402
remaining_count,2,mimic_transfer,1,0.543091356754303
remaining_count,2,mimic_transfer,2,0.5479485392570496
remaining_count,3,BPI17,0,8.056375503540039
remaining_count,3,BPI17,1,8.044594764709473
remaining_count,3,BPI17,2,8.056459426879883
remaining_count,3,BPI20ID,0,1.1086726188659668
remaining_count,3,BPI20ID,1,1.092093586921692
remaining_count,3,BPI20ID,2,1.0979896783828735
remaining_count,3,bpi13_incidents,0,2.15097975730896
remaining_count,3,bpi13_incidents,1,2.1110177040100098
remaining_count,3,bpi13_incidents,2,2.1124870777130127
remaining_count,3,helpdesk,0,0.3036230504512787
remaining_count,3,helpdesk,1,0.3033333122730255
remaining_count,3,helpdesk,2,0.30626943707466125
remaining_count,3,mimic_transfer,0,0.5559623837471008
remaining_count,3,mimic_transfer,1,0.5555081367492676
remaining_count,3,mimic_transfer,2,0.5559446215629578
remaining_count,4,BPI17,0,8.038980484008789
remaining_count,4,BPI17,1,8.053993225097656
remaining_count,4,BPI17,2,8.03997802734375
remaining_count,4,BPI20ID,0,1.0349427461624146
remaining_count,4,BPI20ID,1,1.0750439167022705
remaining_count,4,BPI20ID,2,1.043484091758728
remaining_count,4,bpi13_incidents,0,2.052818775177002
remaining_count,4,bpi13_incidents,1,2.086970567703247
remaining_count,4,bpi13_incidents,2,2.0689306259155273
remaining_count,4,helpdesk,0,0.3001643717288971
remaining_count,4,helpdesk,1,0.3022839426994324
remaining_count,4,helpdesk,2,0.3041670024394989
remaining_count,4,mimic_transfer,0,0.5291455388069153
remaining_count,4,mimic_transfer,1,0.5245603322982788
remaining_count,4,mimic_transfer,2,0.5347585082054138
remaining_count,5,BPI17,0,8.027045249938965
remaining_count,5,BPI17,1,8.002294540405273
remaining_count,5,BPI17,2,8.00798511505127
remaining_count,5,BPI20ID,0,1.097184658050537
remaining_count,5,BPI20ID,1,1.084943175315857
remaining_count,5,BPI20ID,2,1.075673222541809
remaining_count,5,bpi13_incidents,0,2.11106014251709
remaining_count,5,bpi13_incidents,1,2.1340839862823486
remaining_count,5,bpi13_incidents,2,2.1384780406951904
remaining_count,5,helpdesk,0,0.29900819063186646
remaining_count,5,helpdesk,1,0.29336273670196533
remaining_count,5,helpdesk,2,0.29838886857032776
remaining_count,5,mimic_transfer,0,0.534913182258606
remaining_count,5,mimic_transfer,1,0.5336666703224182
remaining_count,5,mimic_transfer,2,0.5399525165557861
remaining_count,6,BPI17,0,8.052942276000977
remaining_count,6,BPI17,1,8.035872459411621
remaining_count,6,BPI17,2,8.020855903625488
remaining_count,6,BPI20ID,0,1.0814939737319946
remaining_count,6,BPI20ID,1,1.0812216997146606
remaining_count,6,BPI20ID,2,1.0934172868728638
remaining_count,6,bpi13_incidents,0,2.0366761684417725
remaining_count,6,bpi13_incidents,1,2.031397819519043
remaining_count,6,bpi13_incidents,2,2.0833122730255127
remaining_count,6,helpdesk,0,0.3018694519996643
remaining_count,6,helpdesk,1,0.29725539684295654
remaining_count,6,helpdesk,2,0.2994324266910553
remaining_count,6,mimic_transfer,0,0.5524911880493164
remaining_count,6,mimic_transfer,1,0.5516211986541748
remaining_count,6,mimic_transfer,2,0.5507177710533142
remaining_count,7,BPI17,0,8.051146507263184
remaining_count,7,BPI17,1,8.054442405700684
remaining_count,7,BPI17,2,8.055868148803711
remaining_count,7,BPI20ID,0,1.0762356519699097
remaining_count,7,BPI20ID,1,1.06905996799469
remaining_count,7,BPI20ID,2,1.066082239151001
remaining_count,7,bpi13_incidents,0,2.176586866378784
remaining_count,7,bpi13_incidents,1,2.0945162773132324
remaining_count,7,bpi13_incidents,2,2.1382763385772705
remaining_count,7,helpdesk,0,0.30429962277412415
remaining_count,7,helpdesk,1,0.2993500530719757
remaining_count,7,helpdesk,2,0.30068719387054443
remaining_count,7,mimic_transfer,0,0.5297980904579163
remaining_count,7,mimic_transfer,1,0.5374526381492615
remaining_count,7,mimic_transfer,2,0.5314456820487976
remaining_count,8,BPI17,0,8.03262710571289
remaining_count,8,BPI17,1,8.04906940460205
remaining_count,8,BPI17,2,8.051309585571289
remaining_count,8,BPI20ID,0,1.037662148475647
remaining_count,8,BPI20ID,1,1.0413118600845337
remaining_count,8,BPI20ID,2,1.0305694341659546
remaining_count,8,bpi13_incidents,0,2.1317148208618164
remaining_count,8,bpi13_incidents,1,2.0822792053222656
remaining_count,8,bpi13_incidents,2,2.120861053466797
remaining_count,8,helpdesk,0,0.3061158061027527
remaining_count,8,helpdesk,1,0.31113797426223755
remaining_count,8,helpdesk,2,0.30478328466415405
remaining_count,8,mimic_transfer,0,0.5564742684364319
remaining_count,8,mimic_transfer,1,0.5529405474662781
remaining_count,8,mimic_transfer,2,0.5567018985748291
remaining_count,9,BPI17,0,8.06981086730957
remaining_count,9,BPI17,1,8.09218978881836
remaining_count,9,BPI17,2,8.083161354064941
remaining_count,9,BPI20ID,0,1.0429919958114624
remaining_count,9,BPI20ID,1,1.0394227504730225
remaining_count,9,BPI20ID,2,1.0425834655761719
remaining_count,9,bpi13_incidents,0,2.067000389099121
remaining_count,9,bpi13_incidents,1,2.0763473510742188
remaining_count,9,bpi13_incidents,2,2.109081268310547
remaining_count,9,helpdesk,0,0.3098227381706238
remaining_count,9,helpdesk,1,0.31170371174812317
remaining_count,9,helpdesk,2,0.30250269174575806
remaining_count,9,mimic_transfer,0,0.5503449440002441
remaining_count,9,mimic_transfer,1,0.5530816912651062
remaining_count,9,mimic_transfer,2,0.5483216643333435
remaining_count,10,BPI17,0,8.072623252868652
remaining_count,10,BPI17,1,8.062209129333496
remaining_count,10,BPI17,2,8.061132431030273
remaining_count,10,BPI20ID,0,1.0798876285552979
remaining_count,10,BPI20ID,1,1.0641050338745117
remaining_count,10,BPI20ID,2,1.0839358568191528
remaining_count,10,bpi13_incidents,0,2.0752313137054443
remaining_count,10,bpi13_incidents,1,2.0789613723754883
remaining_count,10,bpi13_incidents,2,2.0716540813446045
remaining_count,10,helpdesk,0,0.3189367651939392
remaining_count,10,helpdesk,1,0.3138144612312317
remaining_count,10,helpdesk,2,0.30472496151924133
remaining_count,10,mimic_transfer,0,0.5453966856002808
remaining_count,10,mimic_transfer,1,0.5427687168121338
remaining_count,10,mimic_transfer,2,0.5479483604431152
remaining_count,11,BPI17,0,8.078553199768066
remaining_count,11,BPI17,1,8.077850341796875
remaining_count,11,BPI17,2,8.061023712158203
remaining_count,11,BPI20ID,0,1.0730385780334473
remaining_count,11,BPI20ID,1,1.0536601543426514
remaining_count,11,BPI20ID,2,1.0555156469345093
remaining_count,11,bpi13_incidents,0,2.0636003017425537
remaining_count,11,bpi13_incidents,1,2.105278730392456
remaining_count,11,bpi13_incidents,2,2.063277006149292
remaining_count,11,helpdesk,0,0.3009885251522064
remaining_count,11,helpdesk,1,0.3030761182308197
remaining_count,11,helpdesk,2,0.3031401038169861
remaining_count,11,mimic_transfer,0,0.5389629602432251
remaining_count,11,mimic_transfer,1,0.5397312641143799
remaining_count,11,mimic_transfer,2,0.5366813540458679
remaining_count,12,BPI17,0,8.04944896697998
remaining_count,12,BPI17,1,8.055871963500977
remaining_count,12,BPI17,2,8.06226921081543
remaining_count,12,BPI20ID,0,1.0611342191696167
remaining_count,12,BPI20ID,1,1.0489014387130737
remaining_count,12,BPI20ID,2,1.0527704954147339
remaining_count,12,bpi13_incidents,0,2.1213977336883545
remaining_count,12,bpi13_incidents,1,2.0684285163879395
remaining_count,12,bpi13_incidents,2,2.0786116123199463
remaining_count,12,helpdesk,0,0.3063063323497772
remaining_count,12,helpdesk,1,0.2985968589782715
remaining_count,12,helpdesk,2,0.2981777787208557
remaining_count,12,mimic_transfer,0,0.5191527009010315
remaining_count,12,mimic_transfer,1,0.5181002616882324
remaining_count,12,mimic_transfer,2,0.5187081098556519
remaining_count,13,BPI17,0,8.055607795715332
remaining_count,13,BPI17,1,8.048184394836426
remaining_count,13,BPI17,2,8.052950859069824
remaining_count,13,BPI20ID,0,1.057660460472107
remaining_count,13,BPI20ID,1,1.0386486053466797
remaining_count,13,BPI20ID,2,1.0372858047485352
remaining_count,13,bpi13_incidents,0,2.1548819541931152
remaining_count,13,bpi13_incidents,1,2.1058926582336426
remaining_count,13,bpi13_incidents,2,2.1544909477233887
remaining_count,13,helpdesk,0,0.2989359200000763
remaining_count,13,helpdesk,1,0.29657211899757385
remaining_count,13,helpdesk,2,0.29389849305152893
remaining_count,13,mimic_transfer,0,0.5306137204170227
remaining_count,13,mimic_transfer,1,0.5301157236099243
remaining_count,13,mimic_transfer,2,0.5299766063690186
remaining_count,14,BPI17,0,8.04619312286377
remaining_count,14,BPI17,1,8.063639640808105
remaining_count,14,BPI17,2,8.045146942138672
remaining_count,14,BPI20ID,0,1.055668592453003
remaining_count,14,BPI20ID,1,1.0593708753585815
remaining_count,14,BPI20ID,2,1.074706792831421
remaining_count,14,bpi13_incidents,0,2.102140426635742
remaining_count,14,bpi13_incidents,1,2.249727487564087
remaining_count,14,bpi13_incidents,2,2.1449804306030273
remaining_count,14,helpdesk,0,0.30134090781211853
remaining_count,14,helpdesk,1,0.30145135521888733
remaining_count,14,helpdesk,2,0.3014315962791443
remaining_count,14,mimic_transfer,0,0.5089820623397827
remaining_count,14,mimic_transfer,1,0.5083767175674438
remaining_count,14,mimic_transfer,2,0.510870635509491
remaining_count,15,BPI17,0,8.064650535583496
remaining_count,15,BPI17,1,8.064779281616211
remaining_count,15,BPI17,2,8.059365272521973
remaining_count,15,BPI20ID,0,1.0710103511810303
remaining_count,15,BPI20ID,1,1.023053526878357
remaining_count,15,BPI20ID,2,1.0165040493011475
remaining_count,15,bpi13_incidents,0,2.0682194232940674
remaining_count,15,bpi13_incidents,1,2.090350389480591
remaining_count,15,bpi13_incidents,2,2.0893468856811523
remaining_count,15,helpdesk,0,0.3027370870113373
remaining_count,15,helpdesk,1,0.305513858795166
remaining_count,15,helpdesk,2,0.30000877380371094
remaining_count,15,mimic_transfer,0,0.5115414261817932
remaining_count,15,mimic_transfer,1,0.5094857811927795
remaining_count,15,mimic_transfer,2,0.5090625286102295
remaining_time,0,BPI17,0,7.2272467613220215
remaining_time,0,BPI17,1,7.219799518585205
remaining_time,0,BPI17,2,7.154149055480957
remaining_time,0,BPI20ID,0,13.536946296691895
remaining_time,0,BPI20ID,1,12.936602592468262
remaining_time,0,BPI20ID,2,13.335433959960938
remaining_time,0,bpi13_incidents,0,3.3504157066345215
remaining_time,0,bpi13_incidents,1,3.2702207565307617
remaining_time,0,bpi13_incidents,2,3.3170015811920166
remaining_time,0,helpdesk,0,5.183432579040527
remaining_time,0,helpdesk,1,5.167479038238525
remaining_time,0,helpdesk,2,5.1572265625
remaining_time,0,mimic_transfer,0,2.8515264987945557
remaining_time,0,mimic_transfer,1,2.841992139816284
remaining_time,0,mimic_transfer,2,2.8111329078674316
remaining_time,1,BPI17,0,7.217810153961182
remaining_time,1,BPI17,1,7.274400234222412
remaining_time,1,BPI17,2,7.2245097160339355
remaining_time,1,BPI20ID,0,14.443973541259766
remaining_time,1,BPI20ID,1,14.339118003845215
remaining_time,1,BPI20ID,2,13.63798713684082
remaining_time,1,bpi13_incidents,0,3.087477922439575
remaining_time,1,bpi13_incidents,1,3.0423312187194824
remaining_time,1,bpi13_incidents,2,2.9917755126953125
remaining_time,1,helpdesk,0,5.071308135986328
remaining_time,1,helpdesk,1,5.326849460601807
remaining_time,1,helpdesk,2,5.1400275230407715
remaining_time,1,mimic_transfer,0,2.603437662124634
remaining_time,1,mimic_transfer,1,2.6253156661987305
remaining_time,1,mimic_transfer,2,2.594080686569214
remaining_time,2,BPI17,0,7.4465789794921875
remaining_time,2,BPI17,1,7.073232650756836
remaining_time,2,BPI17,2,7.129075527191162
remaining_time,2,BPI20ID,0,14.054102897644043
remaining_time,2,BPI20ID,1,14.767213821411133
remaining_time,2,BPI20ID,2,13.959714889526367
remaining_time,2,bpi13_incidents,0,3.0375173091888428
remaining_time,2,bpi13_incidents,1,3.1639585494995117
remaining_time,2,bpi13_incidents,2,3.0449047088623047
remaining_time,2,helpdesk,0,5.054452419281006
remaining_time,2,helpdesk,1,5.139331817626953
remaining_time,2,helpdesk,2,5.08922004699707
remaining_time,2,mimic_transfer,0,2.613464117050171
remaining_time,2,mimic_transfer,1,2.5539848804473877
remaining_time,2,mimic_transfer,2,2.5151824951171875
remaining_time,3,BPI17,0,7.001554489135742
remaining_time,3,BPI17,1,6.956757545471191
remaining_time,3,BPI17,2,7.06426477432251
remaining_time,3,BPI20ID,0,13.933732032775879
remaining_time,3,BPI20ID,1,13.692520141601562
remaining_time,3,BPI20ID,2,14.622968673706055
remaining_time,3,bpi13_incidents,0,3.0582196712493896
remaining_time,3,bpi13_incidents,1,3.1197783946990967
remaining_time,3,bpi13_incidents,2,3.1105434894561768
remaining_time,3,helpdesk,0,5.015408039093018
remaining_time,3,helpdesk,1,5.132612228393555
remaining_time,3,helpdesk,2,5.009807586669922
remaining_time,3,mimic_transfer,0,2.6697916984558105
remaining_time,3,mimic_transfer,1,2.5449047088623047
remaining_time,3,mimic_transfer,2,2.5704565048217773
remaining_time,4,BPI17,0,7.0180277824401855
remaining_time,4,BPI17,1,6.975017070770264
remaining_time,4,BPI17,2,7.010966777801514
remaining_time,4,BPI20ID,0,13.060443878173828
remaining_time,4,BPI20ID,1,12.717935562133789
remaining_time,4,BPI20ID,2,12.647581100463867
remaining_time,4,bpi13_incidents,0,3.3242781162261963
remaining_time,4,bpi13_incidents,1,3.11458420753479
remaining_time,4,bpi13_incidents,2,3.457519054412842
remaining_time,4,helpdesk,0,5.021243572235107
remaining_time,4,helpdesk,1,5.018393039703369
remaining_time,4,helpdesk,2,5.000221252441406
remaining_time,4,mimic_transfer,0,2.5803956985473633
remaining_time,4,mimic_transfer,1,2.598616361618042
remaining_time,4,mimic_transfer,2,2.630410671234131
remaining_time,5,BPI17,0,6.9674248695373535
remaining_time,5,BPI17,1,6.995414733886719
remaining_time,5,BPI17,2,6.902097225189209
remaining_time,5,BPI20ID,0,12.732769966125488
remaining_time,5,BPI20ID,1,13.647480964660645
remaining_time,5,BPI20ID,2,13.23788833618164
remaining_time,5,bpi13_incidents,0,3.0867419242858887
remaining_time,5,bpi13_incidents,1,3.116976261138916
remaining_time,5,bpi13_incidents,2,3.080211639404297
remaining_time,5,helpdesk,0,4.999722003936768
remaining_time,5,helpdesk,1,4.99530553817749
remaining_time,5,helpdesk,2,5.018462181091309
remaining_time,5,mimic_transfer,0,2.724213123321533
remaining_time,5,mimic_transfer,1,2.6548473834991455
remaining_time,5,mimic_transfer,2,2.7486658096313477
remaining_time,6,BPI17,0,7.009016036987305
remaining_time,6,BPI17,1,6.988813400268555
remaining_time,6,BPI17,2,7.010269641876221
remaining_time,6,BPI20ID,0,14.047104835510254
remaining_time,6,BPI20ID,1,13.089018821716309
remaining_time,6,BPI20ID,2,13.45910930633545
remaining_time,6,bpi13_incidents,0,3.054847002029419
remaining_time,6,bpi13_incidents,1,3.0787131786346436
remaining_time,6,bpi13_incidents,2,3.083604574203491
remaining_time,6,helpdesk,0,5.006335735321045
remaining_time,6,helpdesk,1,4.989863395690918
remaining_time,6,helpdesk,2,5.001585006713867
remaining_time,6,mimic_transfer,0,2.5733163356781006
remaining_time,6,mimic_transfer,1,2.5574846267700195
remaining_time,6,mimic_transfer,2,2.5556559562683105
remaining_time,7,BPI17,0,6.98067045211792
remaining_time,7,BPI17,1,6.939781188964844
remaining_time,7,BPI17,2,6.915102958679199
remaining_time,7,BPI20ID,0,14.502182960510254
remaining_time,7,BPI20ID,1,13.298690795898438
remaining_time,7,BPI20ID,2,13.138507843017578
remaining_time,7,bpi13_incidents,0,3.1662840843200684
remaining_time,7,bpi13_incidents,1,3.102501392364502
remaining_time,7,bpi13_incidents,2,3.126406669616699
remaining_time,7,helpdesk,0,4.98664665222168
remaining_time,7,helpdesk,1,4.9844536781311035
remaining_time,7,helpdesk,2,4.9709930419921875
remaining_time,7,mimic_transfer,0,2.472865104675293
remaining_time,7,mimic_transfer,1,2.4668900966644287
remaining_time,7,mimic_transfer,2,2.4689786434173584
remaining_time,8,BPI17,0,6.888014793395996
remaining_time,8,BPI17,1,6.915994644165039
remaining_time,8,BPI17,2,6.87876558303833
remaining_time,8,BPI20ID,0,13.690281867980957
remaining_time,8,BPI20ID,1,12.895235061645508
remaining_time,8,BPI20ID,2,13.54677677154541
remaining_time,8,bpi13_incidents,0,3.1056013107299805
remaining_time,8,bpi13_incidents,1,3.2250802516937256
remaining_time,8,bpi13_incidents,2,3.1034505367279053
remaining_time,8,helpdesk,0,5.069899559020996
remaining_time,8,helpdesk,1,5.085129261016846
remaining_time,8,helpdesk,2,5.0825605392456055
remaining_time,8,mimic_transfer,0,2.6871867179870605
remaining_time,8,mimic_transfer,1,2.5182087421417236
remaining_time,8,mimic_transfer,2,2.5365564823150635
remaining_time,9,BPI17,0,6.9691972732543945
remaining_time,9,BPI17,1,7.003515243530273
remaining_time,9,BPI17,2,6.974166393280029
remaining_time,9,BPI20ID,0,12.624419212341309
remaining_time,9,BPI20ID,1,12.598262786865234
remaining_time,9,BPI20ID,2,13.645345687866211
remaining_time,9,bpi13_incidents,0,3.2426934242248535
remaining_time,9,bpi13_incidents,1,3.187253952026367
remaining_time,9,bpi13_incidents,2,3.2615277767181396
remaining_time,9,helpdesk,0,5.063805103302002
remaining_time,9,helpdesk,1,5.046760082244873
remaining_time,9,helpdesk,2,5.0356059074401855
remaining_time,9,mimic_transfer,0,2.5368809700012207
remaining_time,9,mimic_transfer,1,2.483198642730713
remaining_time,9,mimic_transfer,2,2.4943482875823975
remaining_time,10,BPI17,0,7.026159286499023
remaining_time,10,BPI17,1,7.013802528381348
remaining_time,10,BPI17,2,7.090911388397217
remaining_time,10,BPI20ID,0,13.010762214660645
remaining_time,10,BPI20ID,1,12.140351295471191
remaining_time,10,BPI20ID,2,12.426525115966797
remaining_time,10,bpi13_incidents,0,3.206714630126953
remaining_time,10,bpi13_incidents,1,3.1808419227600098
remaining_time,10,bpi13_incidents,2,3.1969218254089355
remaining_time,10,helpdesk,0,4.96198844909668
remaining_time,10,helpdesk,1,5.073272705078125
remaining_time,10,helpdesk,2,5.078889846801758
remaining_time,10,mimic_transfer,0,2.463172435760498
remaining_time,10,mimic_transfer,1,2.5175888538360596
remaining_time,10,mimic_transfer,2,2.4780056476593018
remaining_time,11,BPI17,0,6.982199668884277
remaining_time,11,BPI17,1,6.941343307495117
remaining_time,11,BPI17,2,7.01257848739624
remaining_time,11,BPI20ID,0,14.333807945251465
remaining_time,11,BPI20ID,1,12.921669006347656
remaining_time,11,BPI20ID,2,12.429774284362793
remaining_time,11,bpi13_incidents,0,3.2783327102661133
remaining_time,11,bpi13_incidents,1,3.2192814350128174
remaining_time,11,bpi13_incidents,2,3.2528135776519775
remaining_time,11,helpdesk,0,5.030383110046387
remaining_time,11,helpdesk,1,4.9994072914123535
remaining_time,11,helpdesk,2,5.064055919647217
remaining_time,11,mimic_transfer,0,2.461757183074951
remaining_time,11,mimic_transfer,1,2.4525184631347656
remaining_time,11,mimic_transfer,2,2.4783899784088135
remaining_time,12,BPI17,0,6.943673610687256
remaining_time,12,BPI17,1,6.9472737312316895
remaining_time,12,BPI17,2,6.93842887878418
remaining_time,12,BPI20ID,0,12.805257797241211
remaining_time,12,BPI20ID,1,13.538190841674805
remaining_time,12,BPI20ID,2,13.714553833007812
remaining_time,12,bpi13_incidents,0,3.1706836223602295
remaining_time,12,bpi13_incidents,1,3.072279691696167
remaining_time,12,bpi13_incidents,2,3.120408296585083
remaining_time,12,helpdesk,0,5.01159143447876
remaining_time,12,helpdesk,1,5.02708101272583
remaining_time,12,helpdesk,2,5.027851581573486
remaining_time,12,mimic_transfer,0,2.4212985038757324
remaining_time,12,mimic_transfer,1,2.434302568435669
remaining_time,12,mimic_transfer,2,2.439138889312744
remaining_time,13,BPI17,0,7.132723331451416
remaining_time,13,BPI17,1,7.013579368591309
remaining_time,13,BPI17,2,7.164634704589844
remaining_time,13,BPI20ID,0,12.688551902770996
remaining_time,13,BPI20ID,1,12.143671989440918
remaining_time,13,BPI20ID,2,12.749588012695312
remaining_time,13,bpi13_incidents,0,3.0989530086517334
remaining_time,13,bpi13_incidents,1,3.107740879058838
remaining_time,13,bpi13_incidents,2,3.062025785446167
remaining_time,13,helpdesk,0,5.001448631286621
remaining_time,13,helpdesk,1,4.982068061828613
remaining_time,13,helpdesk,2,5.01925802230835
remaining_time,13,mimic_transfer,0,2.559596061706543
remaining_time,13,mimic_transfer,1,2.583700180053711
remaining_time,13,mimic_transfer,2,2.6511011123657227
remaining_time,14,BPI17,0,6.949633598327637
remaining_time,14,BPI17,1,6.970742702484131
remaining_time,14,BPI17,2,6.9902262687683105
remaining_time,14,BPI20ID,0,12.081430435180664
remaining_time,14,BPI20ID,1,11.999588966369629
remaining_time,14,BPI20ID,2,12.049482345581055
remaining_time,14,bpi13_incidents,0,3.2763514518737793
remaining_time,14,bpi13_incidents,1,3.343655586242676
remaining_time,14,bpi13_incidents,2,3.2453558444976807
remaining_time,14,helpdesk,0,5.020549774169922
remaining_time,14,helpdesk,1,5.009181499481201
remaining_time,14,helpdesk,2,5.018209457397461
remaining_time,14,mimic_transfer,0,2.3886237144470215
remaining_time,14,mimic_transfer,1,2.4014499187469482
remaining_time,14,mimic_transfer,2,2.404843330383301
remaining_time,15,BPI17,0,7.090646743774414
remaining_time,15,BPI17,1,7.23169469833374
remaining_time,15,BPI17,2,7.122486591339111
remaining_time,15,BPI20ID,0,12.216545104980469
remaining_time,15,BPI20ID,1,12.751038551330566
remaining_time,15,BPI20ID,2,12.576489448547363
remaining_time,15,bpi13_incidents,0,3.146782159805298
remaining_time,15,bpi13_incidents,1,3.1593592166900635
remaining_time,15,bpi13_incidents,2,3.113710641860962
remaining_time,15,helpdesk,0,4.97398042678833
remaining_time,15,helpdesk,1,4.992252349853516
remaining_time,15,helpdesk,2,4.988842964172363
remaining_time,15,mimic_transfer,0,2.3913142681121826
remaining_time,15,mimic_transfer,1,2.418543577194214
remaining_time,15,mimic_transfer,2,2.37563157081604
