task,metric,unit,higher_is_better,k,mu,seedwise_sd,between_log_sd,scale_mixing,delta_mean,delta_ci_low,delta_ci_high,delta_excludes_zero,delta_bpi13_incidents,delta_BPI17,delta_BPI20ID,delta_helpdesk,delta_mimic_transfer,value_bpi13_incidents,value_BPI17,value_BPI20ID,value_helpdesk,value_mimic_transfer,n_logs,n_eval_seeds
next_3_activities,acc,accuracy,True,0,0.6261412461598714,0.002412001343008473,0.09019476823827426,False,-0.028607519467671705,-0.05714836930361564,-6.666963172777263e-05,True,-0.0321008563041687,-0.010521173477172852,-0.059642891089121464,-0.001996020476023319,-0.03877665599187219,0.533158004283905,0.7036311626434326,0.6103814244270325,0.734377384185791,0.5491582552591959,5,3
next_3_activities,acc,accuracy,True,1,0.6330771446228027,0.0015389600782529929,0.0758127578862022,False,-0.021671621004740384,-0.050840972685214716,0.0074977306757339525,False,0.002191642920176151,-0.00030863285064697266,-0.054742832978566414,-0.025026877721150642,-0.030471404393514034,0.5674505035082499,0.7138437032699585,0.6152814825375875,0.7113465269406637,0.5574635068575541,5,3
next_3_activities,acc,accuracy,True,2,0.6498375455538432,0.002635256276420214,0.08005489596295028,False,-0.004911220073699929,-0.015549007231166468,0.00572656708376661,False,-0.003377656141916874,0.008168657620747921,-0.010262787342071533,-0.004606187343597412,-0.014478127161661747,0.5618812044461569,0.7223209937413534,0.6597615281740824,0.7317672173182169,0.5734567840894064,5,3
next_3_activities,acc,accuracy,True,3,0.6565233866373699,0.0023173706439758683,0.08491031547474553,False,0.0017746210098266602,-0.019736330844380083,0.023285572864033405,False,-0.00536302725474036,0.03264139095942176,-0.008352617422739628,-0.003992021083831787,-0.006060620148976681,0.5598958333333334,0.7467937270800272,0.6616716980934143,0.7323813835779825,0.5818742911020914,5,3
next_3_activities,acc,accuracy,True,4,0.6567367394765218,0.002206463668024675,0.09297675565153869,False,0.0019879738489786856,-0.027801242802010233,0.031777190499967606,False,-0.014000614484151241,0.01851002375284827,-0.026529033978780037,0.03285737832387292,-0.0008978843688964844,0.5512582461039225,0.7326623598734537,0.6434952815373739,0.7692307829856873,0.5870370268821716,5,3
next_3_activities,acc,accuracy,True,5,0.6497448563575745,0.0006652826285243887,0.08981239602596247,False,-0.005003909269968654,-0.0404240497245175,0.030416231184580193,False,-0.009050130844116211,0.020013848940531376,-0.05028178294499708,0.018731772899627686,-0.004433254400889042,0.5562087297439575,0.7341661850611368,0.6197425325711569,0.755105177561442,0.5835016568501791,5,3
next_3_activities,acc,accuracy,True,6,0.6498775362968445,0.0031975909184957137,0.10325041921338904,False,-0.004871229330698635,-0.058982108501031666,0.0492396498396344,False,-0.005827128887176514,0.015189190705617306,-0.06548021237055457,0.052356839179992676,-0.02059483528137207,0.5594317317008972,0.7293415268262228,0.6045441031455994,0.788730243841807,0.567340075969696,5,3
next_3_activities,acc,accuracy,True,7,0.6608583172162373,0.0021250257864127106,0.10162225655775131,False,0.006109551588694284,-0.03466975780642438,0.04688886098381295,False,-0.011267542839050293,0.016554077466328976,-0.023906966050465828,0.05865192413330078,-0.009483734766642216,0.5539913177490234,0.7307064135869344,0.6461173494656881,0.7950253287951151,0.5784511764844259,5,3
next_3_activities,acc,accuracy,True,8,0.6611669659614563,0.000192788391800836,0.09304456651594999,False,0.0064182003339131825,-0.016853044419000353,0.02968944508682672,False,-0.015496095021565792,0.013428449630737305,0.001898328463236565,0.03439275423685717,-0.002132435639699337,0.5497627655665079,0.7275807857513428,0.6719226439793905,0.7707661588986715,0.5858024756113688,5,3
next_3_activities,acc,accuracy,True,9,0.6590298056602478,0.003729190525449401,0.08661316239147444,False,0.004281040032704686,-0.014902298631696877,0.02346437869710625,False,-0.015857040882110596,0.0006712675094604492,0.024512072404225704,0.013818522294362423,-0.0017396211624145508,0.5494018197059631,0.7148236036300659,0.6945363879203796,0.7501919269561768,0.5861952900886536,5,3
next_3_activities,acc,accuracy,True,10,0.6499758680661519,0.0052982563743191454,0.08568512921980458,False,-0.004772897561391187,-0.029704571422086393,0.020158776299304022,False,-0.011319100856781006,0.003721296787261963,-0.03450196981430054,0.019806543986002678,-0.0015712579091390344,0.5539397597312927,0.7178736329078674,0.6355223457018534,0.756179948647817,0.5863636533419291,5,3
next_3_activities,acc,accuracy,True,11,0.6635114789009094,0.0048873019932205875,0.09437433247075117,False,0.008762713273366307,-0.015091629417641545,0.032617055964374156,False,-0.013768553733825684,0.01683264970779419,0.010654350121816036,0.035313983758290646,-0.005218863487243652,0.551490306854248,0.7309849858283997,0.68067866563797,0.771687388420105,0.5827160477638245,5,3
next_3_activities,acc,accuracy,True,12,0.665989343325297,0.0026506841070681963,0.09712330682230369,False,0.011240577697753907,-0.017178238747619597,0.039659394143127406,False,-0.011138617992401123,0.024262110392252567,0.0021593570709228516,0.044679880142211914,-0.0037598411242166785,0.5541202425956726,0.738414446512858,0.6721836725870768,0.7810532848040262,0.5841750701268514,5,3
next_3_activities,acc,accuracy,True,13,0.659716518719991,0.005826326665988858,0.08758837519079911,False,0.004967753092447924,-0.01075163962001678,0.020687145804912627,False,-0.010055700937906864,0.008587618668874142,0.005018711090087891,0.02364504337310791,-0.0023569067319234582,0.5552031596501669,0.7227399547894796,0.6750430266062418,0.7600184480349222,0.5855780045191447,5,3
next_3_activities,acc,accuracy,True,14,0.6525311589241027,0.008917549967956621,0.0849436814210398,False,-0.0022176067034403333,-0.02222419348332885,0.01778898007644818,False,-0.018048683802286747,0.016207655270894405,-0.020312011241912842,0.006295104821523068,0.004769901434580448,0.547210176785787,0.7303599913914999,0.6497123042742411,0.7426685094833374,0.5927048126856486,5,3
next_3_activities,acc,accuracy,True,15,0.6547487656275431,0.005889314329340973,0.07565917417903263,False,0.0,0.0,0.0,False,0.0,0.0,0.0,0.0,0.0,0.5652588605880737,0.7141523361206055,0.6700243155161539,0.7363734046618143,0.5879349112510681,5,3
next_5_activities,acc,accuracy,True,0,0.6055306553840637,0.005097505941487076,0.09540642447100599,False,-0.020412242412567096,-0.04471519202281454,0.0038907071976803514,False,-0.02708103259404493,-0.005253156026204464,-0.04191182057062781,0.004957179228464836,-0.0327723821004231,0.5166734059651693,0.6535041729609171,0.5678932865460714,0.748986025651296,0.5405963857968649,5,3
next_5_activities,acc,accuracy,True,1,0.6088119268417358,0.0031503532707391852,0.07691176264722603,False,-0.017130970954894974,-0.037198069156427406,0.002936127246637457,False,0.0011147658030192797,-0.0007744828859964636,-0.03404392798741662,-0.024936159451802498,-0.027015050252278572,0.5448692043622335,0.6579828461011251,0.5757611791292826,0.7190926869710287,0.5463537176450094,5,3
next_5_activities,acc,accuracy,True,2,0.6205473065376281,0.0024172919717287814,0.07671989434218304,False,-0.005395591259002641,-0.019589001552668576,0.008797819034663291,False,-0.004497488339741951,0.011497537295023563,-0.0031837026278177527,-0.019378085931142097,-0.011416216691334968,0.5392569502194723,0.6702548662821451,0.6066214044888815,0.7246507604916891,0.561952551205953,5,3
next_5_activities,acc,accuracy,True,3,0.6265471895535787,0.005246972277316281,0.08080598856092817,False,0.0006042917569478501,-0.019974905056636412,0.021183488570532115,False,-0.007072965304056766,0.028458336989084843,0.001762529214223263,-0.014270702997843387,-0.005855739116668701,0.5366814732551575,0.6872156659762064,0.6115676363309225,0.7297581434249878,0.5675130287806193,5,3
next_5_activities,acc,accuracy,True,4,0.6190673669179281,0.008455052337135215,0.08709725345948598,False,-0.0068755308787027845,-0.030119950269495502,0.01636888851208993,False,-0.011608898639678955,0.01491435368855798,-0.035758813222249386,-0.00030042727788281987,-0.0016238689422607422,0.5321455399195353,0.6736716826756796,0.5740462938944498,0.7437284191449484,0.5717448989550272,5,3
next_5_activities,acc,accuracy,True,5,0.6149985313415527,0.0033512819858204537,0.09182359330498206,False,-0.01094436645507808,-0.04768704922541035,0.025798316315254196,False,-0.0082453886667887,0.015414257844289181,-0.061450521151224735,0.0030043522516887133,-0.003444532553354862,0.5355090498924255,0.6741715868314108,0.5483545859654745,0.7470331986745199,0.5699242353439331,5,3
next_5_activities,acc,accuracy,True,6,0.6192159454027811,0.005266203840977949,0.10868526711144241,False,-0.006726952393849661,-0.0567614626792062,0.04330755789150687,False,-0.0046128034591674805,0.010492463906606075,-0.06552340586980188,0.04431424538294482,-0.01830526192982984,0.5391416351000468,0.6692497928937277,0.5442817012468973,0.788343091805776,0.5550635059674581,5,3
next_5_activities,acc,accuracy,True,7,0.6230872114499411,0.007540286178219974,0.0894859180032979,False,-0.0028556863466898453,-0.020404253755831315,0.014692881062451623,False,-0.009802242120106941,0.014096895853678348,-0.019086182117462158,0.009764154752095577,-0.009251058101654053,0.5339521964391073,0.6728542248407999,0.5907189249992371,0.7537930011749268,0.5641177097956339,5,3
next_5_activities,acc,accuracy,True,8,0.6313438574473064,0.0031258492152023,0.09207103330978575,False,0.005400959650675485,-0.011873832250237446,0.022675751551588418,False,-0.012608329455057743,0.009099682172139523,0.00987652937571204,0.02388463417689013,-0.0032477180163065222,0.5311461091041565,0.6678570111592611,0.6196816364924113,0.7679134805997213,0.5701210498809814,5,3
next_5_activities,acc,accuracy,True,9,0.6288243770599365,0.0007713465481085206,0.08754650840451278,False,0.0028814792633056864,-0.01292539453165617,0.01868835305826754,False,-0.013665437698364258,0.0014615456263223914,0.017927010854085323,0.012768526871999142,-0.0040842493375141675,0.53008900086085,0.660218874613444,0.6277321179707845,0.7567973732948303,0.5692845185597738,5,3
next_5_activities,acc,accuracy,True,10,0.6256424784660339,0.005813213169832023,0.09347897555480983,False,-0.0003004193305969238,-0.022084076343974673,0.021483237682780824,False,-0.00670778751373291,0.0018607179323831824,-0.019721349080403683,0.027790268262227413,-0.004723946253458622,0.5370466510454813,0.6606180469195048,0.5900837580362955,0.7718191146850586,0.5686448216438293,5,3
next_5_activities,acc,accuracy,True,11,0.6330858985582988,0.005416831936845637,0.09563947489652976,False,0.007143000761667895,-0.014241228808507454,0.028527230331843244,False,-0.013165732224782234,0.011857569217681885,0.010051170984903934,0.03169596195220947,-0.004723966121673584,0.530588706334432,0.6706148982048035,0.6198562781016032,0.7757248083750407,0.5686448017756144,5,3
next_5_activities,acc,accuracy,True,12,0.6373711268107096,0.002724021902329437,0.0964186616930064,False,0.011428229014078806,-0.01057877277634815,0.033435230804505764,False,-0.006227294603983524,0.020684142907460568,0.007844050725301144,0.037103792031606075,-0.0022635459899902344,0.5375271439552307,0.6794414718945821,0.6176491578420004,0.7811326384544373,0.5711052219072977,5,3
next_5_activities,acc,accuracy,True,13,0.6313709219296773,0.007904100377191381,0.09190445919839356,False,0.005428024133046483,-0.011467672816568797,0.022323721082661764,False,-0.010359605153401619,0.005897263685862186,0.007629692554473877,0.026137908299764034,-0.0021651387214660645,0.5333948334058126,0.6646545926729838,0.6174347996711731,0.7701667547225952,0.5712036291758219,5,3
next_5_activities,acc,accuracy,True,14,0.6241762677828471,0.005933099605774748,0.09269716774524035,False,-0.0017666300137837432,-0.02432955007028192,0.020796290042714435,False,-0.018412808577219608,0.010409394900004032,-0.023333768049875858,0.018026133378346798,0.00447789827982592,0.5253416299819946,0.6691667238871256,0.5864713390668234,0.762054979801178,0.5778466661771139,5,3
next_5_activities,acc,accuracy,True,15,0.6259428977966308,0.0034391045640413146,0.07874085409085273,False,0.0,0.0,0.0,False,0.0,0.0,0.0,0.0,0.0,0.5437544385592142,0.6587573289871216,0.6098051071166992,0.7440288464228312,0.573368767897288,5,3
future_activity_set,micro_f1,micro-F1,True,0,0.8108688235282898,0.0008001020537734938,0.04406532621737779,False,-0.021315081914265965,-0.04400269415998312,0.0013725303314511897,False,-0.04470735788345337,-0.00960673888524377,-0.013217926025390625,-0.0024981300036112097,-0.03654525677363085,0.7946090300877889,0.7636217276255289,0.8368311524391174,0.8737517793973287,0.7855304280916849,5,3
future_activity_set,micro_f1,micro-F1,True,1,0.8217362443606059,0.0005361261849080823,0.04109245321855493,False,-0.010447661081949878,-0.02691430970734753,0.006018987543447773,False,-0.0025231043497722094,-0.005569259325663212,-0.03018651405970252,0.0031061569849649695,-0.017065584659576416,0.8367932836214701,0.7676592071851095,0.8198625644048055,0.8793560663859049,0.8050101002057394,5,3
future_activity_set,micro_f1,micro-F1,True,2,0.8262376666069031,0.0019327973228703223,0.03872124877981279,False,-0.005946238835652684,-0.010918948624068716,-0.0009735290472366511,True,-0.00577489535013842,-0.004379153251647949,-0.012051383654276493,-0.0010348161061605188,-0.006490945816040039,0.8335414926211039,0.7688493132591248,0.8379976948102316,0.8752150932947794,0.8155847390492758,5,3
future_activity_set,micro_f1,micro-F1,True,3,0.8273029764493306,0.0007212427860803914,0.0387063497039608,False,-0.00488092899322512,-0.014645613508344308,0.004883755521894068,False,-0.013099431991577148,0.0006667375564575195,-0.011968334515889523,0.005062679449717167,-0.0050662954648336145,0.8262169559796652,0.7738952040672302,0.8380807439486185,0.8813125888506571,0.8170093894004822,5,3
future_activity_set,micro_f1,micro-F1,True,4,0.8287584821383158,0.0015836830654340332,0.037232504687009976,False,-0.003425423304239961,-0.013091405408070758,0.006240558799590837,False,-0.0031368533770244067,0.002969841162363651,-0.015907307465871212,0.0032745997111002234,-0.004327396551768059,0.8361795345942179,0.7761983076731364,0.8341417709986368,0.8795245091120402,0.8177482883135477,5,3
future_activity_set,micro_f1,micro-F1,True,5,0.8237827777862549,0.001586654703072285,0.03662304311619762,False,-0.008401127656300855,-0.029815142041063402,0.013012886728461692,False,-0.0127410888671875,0.008523166179656982,-0.03448311487833655,0.005880296230316162,-0.00918489694595337,0.8265752991040548,0.7817516326904297,0.8155659635861715,0.8821302056312561,0.8128907879193624,5,3
future_activity_set,micro_f1,micro-F1,True,6,0.826414660612742,0.00042763842904550836,0.04105146899314438,False,-0.005769244829813646,-0.029214206092350085,0.017675716432722796,False,-0.004390895366668701,0.006091435750325558,-0.03515418370564782,0.014348725477854374,-0.00974130630493164,0.8349254926045736,0.7793199022610983,0.8148948947588602,0.8905986348787943,0.8123343785603842,5,3
future_activity_set,micro_f1,micro-F1,True,7,0.8309095581372579,0.0009502013004333131,0.04002791107413196,False,-0.0012743473052978516,-0.007831367733556766,0.005282673122961062,False,-0.006358901659647698,-0.0021866957346597937,0.007502337296803829,-0.0012490153312683105,-0.004079461097717285,0.8329574863115946,0.7710417707761129,0.8575514157613119,0.8750008940696716,0.8179962237675985,5,3
future_activity_set,micro_f1,micro-F1,True,8,0.8331462184588114,0.0015421362341118102,0.04480368095861336,False,0.000962313016255667,-0.012065296434237498,0.01398992246674883,False,-0.0066103339195251465,-0.002884527047475216,0.015548865000406864,0.008054852485656738,-0.009297291437784905,0.8327060540517172,0.7703439394632975,0.8655979434649149,0.8843047618865967,0.8127783934275309,5,3
future_activity_set,micro_f1,micro-F1,True,9,0.8341892838478089,0.0002371412041860266,0.04708576336911204,False,0.0020053784052530776,-0.016884996182226882,0.020895752992733035,False,-0.009199678897857666,-0.0073203444480896,0.027995089689890507,0.002684950828552246,-0.004133125146230099,0.8301167090733846,0.7659081220626831,0.8780441681543986,0.8789348602294922,0.8179425597190857,5,3
future_activity_set,micro_f1,micro-F1,True,10,0.8290716290473938,0.00027048665345415863,0.04311704080334269,False,-0.0031122763951619394,-0.00980450118946506,0.0035799483991411814,False,-0.004104673862457275,-0.00792362292607629,-0.0024309555689493445,0.005714555581410763,-0.006816685199737549,0.835211714108785,0.7653048435846964,0.8476181228955587,0.8819644649823507,0.8152589996655782,5,3
future_activity_set,micro_f1,micro-F1,True,11,0.8282913009325663,0.0011760306578003533,0.04097649183492255,False,-0.00389260450998945,-0.010905454798734948,0.0031202457787560473,False,-0.011198381582895989,-0.00521475076675415,0.0032911101977030066,-1.875559488928591e-05,-0.0063222448031108325,0.8281180063883463,0.7680137157440186,0.8533401886622111,0.8762311538060507,0.815753440062205,5,3
future_activity_set,micro_f1,micro-F1,True,12,0.8303697943687439,0.0008162232004661736,0.042440193366367125,False,-0.0018141110738118416,-0.011249898691915245,0.0076216765442915614,False,-0.009197354316711426,-0.0067668954531351355,0.010326166947682736,-0.00019568204879760742,-0.0032367904980977746,0.8301190336545309,0.7664615710576376,0.8603752454121908,0.8760542273521423,0.818838894367218,5,3
future_activity_set,micro_f1,micro-F1,True,13,0.8341418067614238,0.0004253949798076514,0.0432991235931604,False,0.0019579013188679717,-0.008727151607889495,0.012642954245625438,False,-0.006891985734303829,0.0014192461967468262,0.005279819170633915,0.014693299929300907,-0.00471087296803796,0.8324244022369385,0.7746477127075195,0.855328897635142,0.8909432093302408,0.8173648118972778,5,3
future_activity_set,micro_f1,micro-F1,True,14,0.8301935434341431,0.0018296639042956534,0.03629988071692255,False,-0.001990362008412694,-0.01032855715480836,0.00634783313798297,False,-0.004140297571818108,0.005292713642120361,-0.011885325113932255,0.0029912988344827918,-0.0022101998329162598,0.8351760903994242,0.7785211801528931,0.8381637533505758,0.8792412082354227,0.8198654850323995,5,3
future_activity_set,micro_f1,micro-F1,True,15,0.8321839054425557,0.0006786303087115699,0.03837241627088389,False,0.0,0.0,0.0,False,0.0,0.0,0.0,0.0,0.0,0.8393163879712423,0.7732284665107727,0.8500490784645081,0.8762499094009399,0.8220756848653158,5,3
next_time,mae,"MAE, log1p seconds",False,0,2.0406190832455953,0.06829133081954938,1.6140890810587711,True,0.10878346363703402,-0.03568415697944598,0.253251084253514,False,0.23333130280176795,0.028015971183776855,0.21964621543884277,-0.03132073084513376,0.09424455960591627,0.880773663520813,0.6011348764101664,4.066081762313843,3.497299830118815,1.1578052838643391,5,3
next_time,mae,"MAE, log1p seconds",False,1,1.9327894171078999,0.012955166320833792,1.6092617722615867,True,0.000953797499338771,-0.012085971732863337,0.013993566731540879,False,0.0016399621963500977,0.012866079807281494,-0.0019292831420898438,-0.014936049779256333,0.00712827841440844,0.6490823229153951,0.585984985033671,3.84450626373291,3.5136845111846924,1.0706890026728313,5,3
next_time,mae,"MAE, log1p seconds",False,2,1.9543134291966757,0.015856457125459068,1.621855910084915,True,0.02247780958811436,-0.01974715528604892,0.06470277446227764,False,0.016041060288747078,0.01730436086654663,0.07083551088968898,-0.02369403839111328,0.0319021542867024,0.6634834210077921,0.5904232660929362,3.917271057764689,3.5049265225728354,1.0954628785451253,5,3
next_time,mae,"MAE, log1p seconds",False,3,1.923868179321289,0.012973122256537989,1.5967305385900705,True,-0.007967440287272209,-0.04189115434793822,0.025956273773393806,False,-0.001239478588104248,0.012410581111907959,-0.055336713790893555,-0.004043261210123994,0.00837167104085279,0.6462028821309408,0.5855294863382975,3.7910988330841064,3.5245772997538247,1.0719323952992756,5,3
next_time,mae,"MAE, log1p seconds",False,4,2.0013782064119976,0.0335596300962362,1.7193950732920096,True,0.06954258680343632,-0.13128490520188996,0.27037007880876257,False,-0.04418299595514941,0.02126387755076098,0.35228935877482126,-0.023799896240234375,0.04214258988698316,0.6032593647638956,0.5943827827771505,4.198724905649821,3.5048206647237143,1.105703314145406,5,3
next_time,mae,"MAE, log1p seconds",False,5,1.9019430081049602,0.011619604614147055,1.5759231537497012,True,-0.02989261150360103,-0.11942601834294961,0.059640795335747544,False,-0.031155387560526604,-0.015313824017842537,-0.1463076273600259,-0.0076978206634521484,0.051011602083842034,0.6162869731585184,0.557805081208547,3.700127919514974,3.5209227403004966,1.1145723263422649,5,3
next_time,mae,"MAE, log1p seconds",False,6,1.9624370336532593,0.012962542506052922,1.6287260053673147,True,0.030601414044698027,-0.012673578089387075,0.07387640617878313,False,-0.016788701216379875,0.01725604136784875,0.04989703496297215,0.02677090962727835,0.07587178548177076,0.6306536595026652,0.5903749465942383,3.896332581837972,3.555391470591227,1.1394325097401936,5,3
next_time,mae,"MAE, log1p seconds",False,7,1.881655216217041,0.005361353390303829,1.5443751242639288,True,-0.05018040339152017,-0.1857400327211758,0.08537922593813549,False,-0.038998524347941155,0.021336237589518303,-0.2396608988444009,-0.01739247639973973,0.02381364504496264,0.6084438363711039,0.5944551428159078,3.606774648030599,3.511228084564209,1.0873743693033855,5,3
next_time,mae,"MAE, log1p seconds",False,8,2.000302028656006,0.013674784983090157,1.7148968885652447,True,0.06846640904744472,-0.10000510455486333,0.23693792264975277,False,-0.05678643782933557,0.018053193887074825,0.2995320955912275,0.024854183197021484,0.05667901039123535,0.5906559228897095,0.5911720991134644,4.1459676424662275,3.55347474416097,1.1202397346496582,5,3
next_time,mae,"MAE, log1p seconds",False,9,1.87581152121226,0.006697721325809659,1.5469256769920081,True,-0.05602409839630125,-0.19052825437451115,0.07848005758190867,False,-0.057521144549051995,0.016919811566670773,-0.24048082033793117,-0.024216890335083008,0.02517855167388916,0.589921216169993,0.5900387167930603,3.605954726537069,3.5044036706288657,1.088739275932312,5,3
next_time,mae,"MAE, log1p seconds",False,10,1.9513339916865031,0.048657843407539085,1.6532493277120737,True,0.019498372077941827,-0.041704280575016406,0.08070102473090006,False,-0.03887009620666504,0.009791811307271359,0.09796063105265285,0.01205833752950003,0.016551176706949944,0.60857226451238,0.5829107165336609,3.944396177927653,3.5406788984934487,1.0801119009653728,5,3
next_time,mae,"MAE, log1p seconds",False,11,1.8805400212605794,0.012786257345605092,1.5626309824826063,True,-0.05129559834798181,-0.18851652948921807,0.08592533279325446,False,-0.04689657688140869,-0.007142464319864872,-0.24278648694356297,0.022954225540161133,0.017393310864766365,0.6005457838376363,0.5659764409065247,3.603649059931437,3.55157478650411,1.0809540351231892,5,3
next_time,mae,"MAE, log1p seconds",False,12,1.862722885608673,0.019334323799384212,1.5560042589627172,True,-0.06911273399988808,-0.17965217014210882,0.04142670214233264,False,-0.040381332238515255,-0.033913056055704716,-0.22520629564921046,-0.045785268147786606,-0.00027771790822339604,0.6070610284805298,0.5392058491706848,3.6212292512257895,3.482835292816162,1.0632830063501995,5,3
next_time,mae,"MAE, log1p seconds",False,13,1.9916866660118102,0.025518778953424002,1.6970081291684735,True,0.05985104640324914,-0.09174877250573335,0.21145086531223165,False,-0.011670271555582756,0.016205688317616818,0.2768699328104658,-0.0041637420654296875,0.022013624509175544,0.6357720891634623,0.5893245935440063,4.123305479685466,3.524456818898519,1.0855743487675984,5,3
next_time,mae,"MAE, log1p seconds",False,14,1.9008193651835124,0.013164022732900908,1.580929695261281,True,-0.03101625442504885,-0.10708730335845827,0.04505479450836057,False,-0.03951215744018555,0.008509476979573605,-0.13375385602315282,-0.00652313232421875,0.016198396682739258,0.6079302032788595,0.5816283822059631,3.712681690851847,3.52209742863973,1.079759120941162,5,3
next_time,mae,"MAE, log1p seconds",False,15,1.931835619608561,0.006812337741732285,1.6174898359607697,True,0.0,0.0,0.0,False,0.0,0.0,0.0,0.0,0.0,0.647442360719045,0.5731189052263895,3.846435546875,3.5286205609639487,1.0635607242584229,5,3
remaining_time,mae,"MAE, log1p seconds",False,0,6.357373730341593,0.07137726850650401,4.230267326082376,True,0.32075250943501804,-0.027862343656920585,0.6693673625269567,False,0.17259534200032567,0.052122433980305694,0.7549699147542324,0.18435414632161518,0.43972071011861136,3.3125460147857666,7.2003984451293945,13.269660949707031,5.1693793932596845,2.8348838488260903,5,3
remaining_time,mae,"MAE, log1p seconds",False,1,6.441360171635946,0.10868254584264758,4.68418926142154,True,0.40473895072936994,-0.4564348333859022,1.2659127348446422,False,-0.09942245483398438,0.09063069025675397,1.6256685256958008,0.19436979293823242,0.2124481995900469,3.0405282179514566,7.238906701405843,14.1403595606486,5.179395039876302,2.607611338297526,5,3
remaining_time,mae,"MAE, log1p seconds",False,2,6.4427956740061445,0.09597206806877245,4.740624831292849,True,0.406174453099569,-0.5290111595830269,1.341360065782165,False,-0.057823816935221206,0.06801970799763968,1.7456528345743827,0.10930951436360736,0.16571402549743652,3.0821268558502197,7.2162957191467285,14.260343869527182,5.094334761301677,2.5608771642049155,5,3
remaining_time,mae,"MAE, log1p seconds",False,3,6.366887998580933,0.09697380821340111,4.652997623737564,True,0.3302667776743572,-0.5433339497756134,1.203867505124328,False,-0.043770154317219756,-0.14075040817260742,1.5683825810750331,0.06758403778076172,0.1998878320058184,3.096180518468221,7.007525602976481,14.083073616027832,5.052609284718831,2.5950509707132974,5,3
remaining_time,mae,"MAE, log1p seconds",False,4,6.145042276382446,0.05810359835535497,4.09463135772382,True,0.1084210554758708,-0.10527134377296299,0.3221134547247046,False,0.15884311993916844,-0.14693880081176758,0.2939624786376953,0.02826070785522461,0.2079777717590332,3.2987937927246094,7.001337210337321,12.808653513590494,5.013285954793294,2.603140910466512,5,3
remaining_time,mae,"MAE, log1p seconds",False,5,6.193881464004517,0.0899688422318585,4.269436496837242,True,0.1572602430979413,-0.27847431999959665,0.5929948061954793,False,-0.04530739784240723,-0.1932970682779951,0.6913553873697929,0.019471327463786103,0.3140789667765298,3.0946432749430337,6.954978942871094,13.206046422322592,5.0044965744018555,2.709242105484009,5,3
remaining_time,mae,"MAE, log1p seconds",False,6,6.233649190266927,0.0991830984405246,4.439898776307295,True,0.19702796936035175,-0.3899311137904524,0.7839870525111559,False,-0.06756242116292288,-0.14557631810506244,1.017053286234539,0.014236132303873994,0.16698916753133108,3.072388251622518,7.002699693044026,13.531744321187338,4.999261379241943,2.56215230623881,5,3
remaining_time,mae,"MAE, log1p seconds",False,7,6.234730370839437,0.16286059529579114,4.494887844204869,True,0.1981091499328615,-0.4621867963843805,0.8584050962501035,False,-0.00821995735168457,-0.20309114456176758,1.131769498189291,-0.004327456156412168,0.07441480954488089,3.1317307154337564,6.945184866587321,13.64646053314209,4.980697790781657,2.46957794825236,5,3
remaining_time,mae,"MAE, log1p seconds",False,8,6.215249474843343,0.08109454485822966,4.349914771007427,True,0.17862825393676776,-0.33796209487834294,0.6952186027518784,False,0.004760026931762695,-0.2540176709493007,0.86274019877116,0.09417120615641306,0.1854875087738037,3.1447106997172036,6.894258340199788,13.377431233723959,5.079196453094482,2.5806506474812827,5,3
remaining_time,mae,"MAE, log1p seconds",False,9,6.1444653828938804,0.11986294371939755,4.184437638349499,True,0.10784416198730487,-0.16161219011436853,0.37730051408897824,False,0.09054104487101267,-0.16598304112752338,0.441318194071453,0.06369845072428415,0.10964616139729788,3.2304917176564536,6.9822929700215655,12.956009229024252,5.0487236976623535,2.504809300104777,5,3
remaining_time,mae,"MAE, log1p seconds",False,10,6.05772720972697,0.07435494864413077,4.024932935601764,True,0.02110598882039394,-0.07297266427611791,0.11518464191690579,False,0.05487545331319188,-0.10465161005655954,0.011188507080078125,0.0530250867207851,0.09109250704447414,3.194826126098633,7.043624401092529,12.525879542032877,5.0380503336588545,2.486255645751953,5,3
remaining_time,mae,"MAE, log1p seconds",False,11,6.190554157892863,0.19859178701511201,4.301981633209074,True,0.1539329369862874,-0.2572210492269013,0.5650869231994762,False,0.1101919015248618,-0.16956885655721088,0.7137260437011719,0.04625686009724994,0.06905873616536429,3.2501425743103027,6.978707154591878,13.22841707865397,5.031282107035319,2.4642218748728433,5,3
remaining_time,mae,"MAE, log1p seconds",False,12,6.17413428624471,0.0924360654271755,4.381132346064793,True,0.13751306533813476,-0.36401526640154536,0.6390413970778149,False,-0.018826802571614287,-0.20515060424804688,0.8379764556884766,0.03714942932128906,0.036416848500569365,3.1211238702138266,6.943125406901042,13.352667490641275,5.022174676259358,2.4315799872080484,5,3
remaining_time,mae,"MAE, log1p seconds",False,13,6.063909403483073,0.08625963157925921,4.026298294273974,True,0.027288182576497632,-0.10054971548548351,0.15512608063847877,False,-0.05037744839986136,-0.044630209604899385,0.012579600016277226,0.015899658203125,0.20296931266784668,3.0895732243855796,7.1036458015441895,12.527270634969076,5.000924905141194,2.5981324513753257,5,3
remaining_time,mae,"MAE, log1p seconds",False,14,5.943288326263428,0.0016503400032319823,3.8321692641103446,True,-0.09333289464314784,-0.393087856774645,0.20642206748834932,False,0.14850362141927098,-0.17807515462239643,-0.4711904525756836,0.030954996744791963,0.0031425158182778468,3.288454294204712,6.970200856526692,12.043500582377115,5.015980243682861,2.398305654525757,5,3
remaining_time,mae,"MAE, log1p seconds",False,15,6.036621220906576,0.07336919479880354,4.0607245723379926,True,0.0,0.0,0.0,False,0.0,0.0,0.0,0.0,0.0,3.139950672785441,7.148276011149089,12.514691034952799,4.985025246938069,2.395163138707479,5,3
remaining_count,mae,"MAE, events",False,0,2.5470673501491548,0.016851986638086996,3.2307615611833262,True,0.14802540540695203,-0.011613586819198413,0.3076643976331025,False,0.34819579124450684,0.08001073201497455,0.1719330151875813,0.004050195217132568,0.13593729337056482,2.430834690729777,8.142942428588867,1.2087889909744263,0.306803435087204,0.6459672053654989,5,3
remaining_count,mae,"MAE, events",False,1,2.473212480545044,0.0032068002684385298,3.241185610281042,True,0.07417053580284141,-0.03578224995701411,0.18412332156269695,False,-0.013588905334472656,0.0803696314493827,0.21634328365325928,0.015701760848363222,0.07202690839767456,2.0690499941507974,8.143301328023275,1.2531992594401042,0.31845500071843463,0.5820568203926086,5,3
remaining_count,mae,"MAE, events",False,2,2.435996653636297,0.006561262546877236,3.2454541648931223,True,0.03695470889409398,-0.008765967525984561,0.08267538531417253,False,0.0032893816630048534,0.04766496022542377,0.09325937430063869,0.005266070365905762,0.035293757915496826,2.085928281148275,8.110596656799316,1.1301153500874836,0.3080193102359772,0.5453236699104309,5,3
remaining_count,mae,"MAE, events",False,3,2.4274207373460133,0.007042625841980033,3.221260937504944,True,0.028378792603810675,-0.0103637484314563,0.06712133363907766,False,0.04218928019205759,-0.010455131530761719,0.06272931893666578,0.001655360062917055,0.04577513535817468,2.1248281796773276,8.052476565043131,1.0995852947235107,0.30440859993298847,0.5558050473531088,5,3
remaining_count,mae,"MAE, events",False,4,2.399348143736521,0.008730670780353762,3.2282515615775584,True,0.0003061989943187515,-0.020282831823666466,0.020895229812303972,False,-0.013065576553344727,-0.0186144510904942,0.014300942420959473,-0.0005481342474619733,0.019458214441935184,2.0695733229319253,8.044317245483398,1.0511569182078044,0.30220510562260944,0.5294881264368693,5,3
remaining_count,mae,"MAE, events",False,5,2.411869353055954,0.0020952092638288886,3.209221079766227,True,0.01282740831375132,-0.038731128573969924,0.06438594520147256,False,0.04523515701293945,-0.0504900614420567,0.04907770951588941,-0.005833307902018248,0.026147544384002686,2.1278740564982095,8.012441635131836,1.0859336853027344,0.29691993196805316,0.5361774563789368,5,3
remaining_count,mae,"MAE, events",False,6,2.404705152908961,0.005047989028862665,3.2190696200716244,True,0.005663208166758249,-0.041054239267291626,0.052380655600808124,False,-0.03217681248982718,-0.02637481689453125,0.048521677652994644,-0.0032341480255126953,0.041580140590667725,2.050462086995443,8.036556879679361,1.0853776534398396,0.2995190918445587,0.5516100525856018,5,3
remaining_count,mae,"MAE, events",False,7,2.4190165122350056,0.00833788916337207,3.2284280486269834,True,0.019974567492803207,-0.011911360257013073,0.051860495242619487,False,0.05382092793782567,-0.009112675984699337,0.03360331058502197,-0.0013076166311900006,0.022868891557057736,2.1364598274230957,8.053819020589193,1.070459286371867,0.3014456232388814,0.5328988035519918,5,3
remaining_count,mae,"MAE, events",False,8,2.4110372265179953,0.0031953514658980367,3.2242062198724426,True,0.011995281775792588,-0.01930916497501716,0.043299728526602334,False,0.028979460398356416,-0.01859633127848248,-0.00034149487813328605,0.004592448472976685,0.045342326164245605,2.1116183598836265,8.04433536529541,1.0365144809087117,0.3073456883430481,0.5553722381591797,5,3
remaining_count,mae,"MAE, events",False,9,2.4132244447867075,0.004709790597848896,3.241245112219009,True,0.014182500044505098,-0.00588236244125688,0.03424736253026708,False,0.0015041033426923534,0.01878897349039832,0.0048100948333740234,0.005256474018096924,0.04055285453796387,2.0841430028279624,8.081720670064291,1.041666070620219,0.30800971388816833,0.550582766532898,5,3
remaining_count,mae,"MAE, events",False,10,2.4148886700471244,0.0031456312307183935,3.230734374701073,True,0.015846725304921472,-0.009584247903900438,0.04127769851374338,False,-0.0073566436767578125,0.0023899078369140625,0.03912019729614258,0.00973882277806598,0.03534134229024255,2.075282255808512,8.065321604410807,1.0759761730829875,0.3124920626481374,0.5453712542851766,5,3
remaining_count,mae,"MAE, events",False,11,2.410291866461436,0.006029740211284754,3.2380321916703902,True,0.011249921719233436,-0.007001639618754423,0.029501483057221296,False,-0.00525355339050293,0.009544054667156132,0.023882150650024414,-0.0003516574700673236,0.028428614139556885,2.077385346094767,8.072475751241049,1.0607381264368694,0.3024015824000041,0.538458526134491,5,3
remaining_count,mae,"MAE, events",False,12,2.403858413298925,0.006922223434227797,3.2342419347494724,True,0.004816468556722164,-0.006982564019958053,0.01661550113340238,False,0.006840387980143525,-0.007068316141763731,0.017412741978963142,-0.0017262498537699567,0.008623778820037842,2.0894792874654136,8.055863380432129,1.054268717765808,0.30102699001630145,0.5186536908149719,5,3
remaining_count,mae,"MAE, events",False,13,2.4123810708522795,0.007914111650199058,3.2316295515672784,True,0.01333912611007696,-0.019757579431461933,0.046435831651615855,False,0.055782953898112275,-0.010684013366699219,0.007675647735595703,-0.006284395853678404,0.020205438137054443,2.1384218533833823,8.052247683207193,1.0445316235224407,0.296468844016393,0.5302353501319885,5,3
remaining_count,mae,"MAE, events",False,14,2.4182685057322186,0.017003077546724796,3.231093101425793,True,0.01922656099001595,-0.02830201853660833,0.06675514051664024,False,0.0829772154490156,-0.011271794637043087,0.026392777760823494,-0.0013452867666880475,-0.0006201068560282019,2.1656161149342856,8.05165990193685,1.0632487535476685,0.30140795310338336,0.5094098051389059,5,3
remaining_count,mae,"MAE, events",False,15,2.3990419447422027,0.004401155451824277,3.240297108908734,True,0.0,0.0,0.0,False,0.0,0.0,0.0,0.0,0.0,2.08263889948527,8.062931696573893,1.036855975786845,0.3027532398700714,0.5100299119949341,5,3
