log,arm,task,n_labels,n_train_samples,seed,value,run
BPI17,pfm,next_time,0,0,0,0.6017481684684753,2026-09-11T15:30:36
BPI17,pfm,next_time,0,0,1,0.6017482876777649,2026-09-11T15:32:00
BPI17,pfm,next_time,0,0,2,0.6017482876777649,2026-09-11T15:43:01
BPI17,pfm,next_time,10,10,0,0.5939558148384094,2026-09-11T15:30:36
BPI17,pfm,next_time,10,10,1,0.5938816666603088,2026-09-11T15:32:00
BPI17,pfm,next_time,10,10,2,0.5930784344673157,2026-09-11T15:43:01
BPI17,pfm,next_time,100,100,0,0.5922862887382507,2026-09-11T15:30:36
BPI17,pfm,next_time,100,100,1,0.592280387878418,2026-09-11T15:32:00
BPI17,pfm,next_time,100,100,2,0.5923819541931152,2026-09-11T15:43:01
BPI17,pfm,next_time,1000,1000,0,0.5919078588485718,2026-09-11T15:30:36
BPI17,pfm,next_time,1000,1000,1,0.5919340252876282,2026-09-11T15:32:00
BPI17,pfm,next_time,1000,1000,2,0.5918988585472107,2026-09-11T15:43:01
BPI17,pfm,next_time,30,30,0,0.5924364924430847,2026-09-11T15:30:36
BPI17,pfm,next_time,30,30,1,0.5924644470214844,2026-09-11T15:32:00
BPI17,pfm,next_time,30,30,2,0.592760443687439,2026-09-11T15:43:01
BPI17,pfm,next_time,300,300,0,0.5920236706733704,2026-09-11T15:30:36
BPI17,pfm,next_time,300,300,1,0.5919842720031738,2026-09-11T15:32:00
BPI17,pfm,next_time,300,300,2,0.5919861197471619,2026-09-11T15:43:01
BPI17,pfm,next_time,5000,5000,0,0.5917873978614807,2026-09-11T15:30:36
BPI17,pfm,next_time,5000,5000,1,0.5917909145355225,2026-09-11T15:32:00
BPI17,pfm,next_time,5000,5000,2,0.5918164849281311,2026-09-11T15:43:01
BPI17,pfm,next_time,all,20446,0,0.5917119383811951,2026-09-11T15:30:36
BPI17,pfm,next_time,all,20446,1,0.5917102098464966,2026-09-11T15:32:00
BPI17,pfm,next_time,all,20446,2,0.591712236404419,2026-09-11T15:43:01
BPI17,pfm,remaining_count,0,0,0,18.78091812133789,2026-09-11T15:30:36
BPI17,pfm,remaining_count,0,0,1,19.503522872924805,2026-09-11T15:32:00
BPI17,pfm,remaining_count,0,0,2,19.190332412719727,2026-09-11T15:43:01
BPI17,pfm,remaining_count,10,10,0,13.714221954345703,2026-09-11T15:30:36
BPI17,pfm,remaining_count,10,10,1,13.550536155700684,2026-09-11T15:32:00
BPI17,pfm,remaining_count,10,10,2,13.686151504516602,2026-09-11T15:43:01
BPI17,pfm,remaining_count,100,100,0,12.915977478027344,2026-09-11T15:30:36
BPI17,pfm,remaining_count,100,100,1,13.593974113464355,2026-09-11T15:32:00
BPI17,pfm,remaining_count,100,100,2,13.295300483703613,2026-09-11T15:43:01
BPI17,pfm,remaining_count,1000,1000,0,8.750143051147461,2026-09-11T15:30:36
BPI17,pfm,remaining_count,1000,1000,1,8.887421607971191,2026-09-11T15:32:00
BPI17,pfm,remaining_count,1000,1000,2,8.637770652770996,2026-09-11T15:43:01
BPI17,pfm,remaining_count,30,30,0,13.048938751220703,2026-09-11T15:30:36
BPI17,pfm,remaining_count,30,30,1,13.721646308898926,2026-09-11T15:32:00
BPI17,pfm,remaining_count,30,30,2,13.650217056274414,2026-09-11T15:43:01
BPI17,pfm,remaining_count,300,300,0,9.423521041870117,2026-09-11T15:30:36
BPI17,pfm,remaining_count,300,300,1,9.774982452392578,2026-09-11T15:32:00
BPI17,pfm,remaining_count,300,300,2,9.805521011352539,2026-09-11T15:43:01
BPI17,pfm,remaining_count,5000,5000,0,8.366888999938965,2026-09-11T15:30:36
BPI17,pfm,remaining_count,5000,5000,1,8.384957313537598,2026-09-11T15:32:00
BPI17,pfm,remaining_count,5000,5000,2,8.384769439697266,2026-09-11T15:43:01
BPI17,pfm,remaining_count,all,20446,0,8.308953285217285,2026-09-11T15:30:36
BPI17,pfm,remaining_count,all,20446,1,8.267159461975098,2026-09-11T15:32:00
BPI17,pfm,remaining_count,all,20446,2,8.285065650939941,2026-09-11T15:43:01
BPI17,pfm,remaining_time,0,0,0,12.445624351501465,2026-09-11T15:30:36
BPI17,pfm,remaining_time,0,0,1,12.445629119873047,2026-09-11T15:32:00
BPI17,pfm,remaining_time,0,0,2,12.445629119873047,2026-09-11T15:43:01
BPI17,pfm,remaining_time,10,10,0,12.419567108154297,2026-09-11T15:30:36
BPI17,pfm,remaining_time,10,10,1,12.431187629699707,2026-09-11T15:32:00
BPI17,pfm,remaining_time,10,10,2,12.427620887756348,2026-09-11T15:43:01
BPI17,pfm,remaining_time,100,100,0,12.409112930297852,2026-09-11T15:30:36
BPI17,pfm,remaining_time,100,100,1,12.430471420288086,2026-09-11T15:32:00
BPI17,pfm,remaining_time,100,100,2,12.425274848937988,2026-09-11T15:43:01
BPI17,pfm,remaining_time,1000,1000,0,8.072964668273926,2026-09-11T15:30:36
BPI17,pfm,remaining_time,1000,1000,1,7.996922016143799,2026-09-11T15:32:00
BPI17,pfm,remaining_time,1000,1000,2,7.832183837890625,2026-09-11T15:43:01
BPI17,pfm,remaining_time,30,30,0,12.41062068939209,2026-09-11T15:30:36
BPI17,pfm,remaining_time,30,30,1,12.431447982788086,2026-09-11T15:32:00
BPI17,pfm,remaining_time,30,30,2,12.429689407348633,2026-09-11T15:43:01
BPI17,pfm,remaining_time,300,300,0,8.179631233215332,2026-09-11T15:30:36
BPI17,pfm,remaining_time,300,300,1,8.453311920166016,2026-09-11T15:32:00
BPI17,pfm,remaining_time,300,300,2,8.603287696838379,2026-09-11T15:43:01
BPI17,pfm,remaining_time,5000,5000,0,7.979772090911865,2026-09-11T15:30:36
BPI17,pfm,remaining_time,5000,5000,1,7.812577724456787,2026-09-11T15:32:00
BPI17,pfm,remaining_time,5000,5000,2,7.887062072753906,2026-09-11T15:43:01
BPI17,pfm,remaining_time,all,20446,0,7.785664081573486,2026-09-11T15:30:36
BPI17,pfm,remaining_time,all,20446,1,7.809636116027832,2026-09-11T15:32:00
BPI17,pfm,remaining_time,all,20446,2,7.780826568603516,2026-09-11T15:43:01
BPI17,pfm_ft,next_time,0,0,0,0.6017482876777649,2026-09-11T16:29:02
BPI17,pfm_ft,next_time,0,0,1,0.6017481684684753,2026-09-11T16:09:05
BPI17,pfm_ft,next_time,0,0,2,0.6017482876777649,2026-09-11T16:09:32
BPI17,pfm_ft,next_time,10,10,0,0.47026240825653076,2026-09-11T16:29:02
BPI17,pfm_ft,next_time,10,10,1,0.5679779648780823,2026-09-11T16:09:05
BPI17,pfm_ft,next_time,10,10,2,0.5197896361351013,2026-09-11T16:09:32
BPI17,pfm_ft,next_time,100,100,0,0.5168954133987427,2026-09-11T16:29:02
BPI17,pfm_ft,next_time,100,100,1,0.48148003220558167,2026-09-11T16:09:05
BPI17,pfm_ft,next_time,100,100,2,0.49569955468177795,2026-09-11T16:09:32
BPI17,pfm_ft,next_time,1000,1000,0,0.4284372329711914,2026-09-11T16:29:02
BPI17,pfm_ft,next_time,1000,1000,1,0.4819742441177368,2026-09-11T16:09:05
BPI17,pfm_ft,next_time,1000,1000,2,0.47487229108810425,2026-09-11T16:09:32
BPI17,pfm_ft,next_time,30,30,0,0.47605106234550476,2026-09-11T16:29:02
BPI17,pfm_ft,next_time,30,30,1,0.48707717657089233,2026-09-11T16:09:05
BPI17,pfm_ft,next_time,30,30,2,0.5585536956787109,2026-09-11T16:09:32
BPI17,pfm_ft,next_time,300,300,0,0.48220697045326233,2026-09-11T16:29:02
BPI17,pfm_ft,next_time,300,300,1,0.4735422730445862,2026-09-11T16:09:05
BPI17,pfm_ft,next_time,300,300,2,0.4906200170516968,2026-09-11T16:09:32
BPI17,pfm_ft,next_time,5000,5000,0,0.41668233275413513,2026-09-11T16:29:02
BPI17,pfm_ft,next_time,5000,5000,1,0.4797571897506714,2026-09-11T16:09:05
BPI17,pfm_ft,next_time,5000,5000,2,0.44811034202575684,2026-09-11T16:09:32
BPI17,pfm_ft,next_time,all,20446,0,0.45965155959129333,2026-09-11T16:29:02
BPI17,pfm_ft,next_time,all,20446,1,0.40931397676467896,2026-09-11T16:09:05
BPI17,pfm_ft,next_time,all,20446,2,0.4363299012184143,2026-09-11T16:09:32
BPI17,pfm_ft,remaining_count,0,0,0,18.780920028686523,2026-09-11T16:29:02
BPI17,pfm_ft,remaining_count,0,0,1,19.50352668762207,2026-09-11T16:09:05
BPI17,pfm_ft,remaining_count,0,0,2,19.190332412719727,2026-09-11T16:09:32
BPI17,pfm_ft,remaining_count,10,10,0,9.969703674316406,2026-09-11T16:29:02
BPI17,pfm_ft,remaining_count,10,10,1,9.576488494873047,2026-09-11T16:09:05
BPI17,pfm_ft,remaining_count,10,10,2,9.834842681884766,2026-09-11T16:09:32
BPI17,pfm_ft,remaining_count,100,100,0,8.896638870239258,2026-09-11T16:29:02
BPI17,pfm_ft,remaining_count,100,100,1,9.043330192565918,2026-09-11T16:09:05
BPI17,pfm_ft,remaining_count,100,100,2,9.193523406982422,2026-09-11T16:09:32
BPI17,pfm_ft,remaining_count,1000,1000,0,8.123106956481934,2026-09-11T16:29:02
BPI17,pfm_ft,remaining_count,1000,1000,1,8.126056671142578,2026-09-11T16:09:05
BPI17,pfm_ft,remaining_count,1000,1000,2,8.122425079345703,2026-09-11T16:09:32
BPI17,pfm_ft,remaining_count,30,30,0,9.107406616210938,2026-09-11T16:29:02
BPI17,pfm_ft,remaining_count,30,30,1,9.139503479003906,2026-09-11T16:09:05
BPI17,pfm_ft,remaining_count,30,30,2,8.752381324768066,2026-09-11T16:09:32
BPI17,pfm_ft,remaining_count,300,300,0,8.189981460571289,2026-09-11T16:29:02
BPI17,pfm_ft,remaining_count,300,300,1,8.287373542785645,2026-09-11T16:09:05
BPI17,pfm_ft,remaining_count,300,300,2,8.170495986938477,2026-09-11T16:09:32
BPI17,pfm_ft,remaining_count,5000,5000,0,8.04541015625,2026-09-11T16:29:02
BPI17,pfm_ft,remaining_count,5000,5000,1,8.070316314697266,2026-09-11T16:09:05
BPI17,pfm_ft,remaining_count,5000,5000,2,8.022770881652832,2026-09-11T16:09:32
BPI17,pfm_ft,remaining_count,all,20446,0,7.99104118347168,2026-09-11T16:29:02
BPI17,pfm_ft,remaining_count,all,20446,1,8.096187591552734,2026-09-11T16:09:05
BPI17,pfm_ft,remaining_count,all,20446,2,8.010464668273926,2026-09-11T16:09:32
BPI17,pfm_ft,remaining_time,0,0,0,12.445624351501465,2026-09-11T16:29:02
BPI17,pfm_ft,remaining_time,0,0,1,12.445629119873047,2026-09-11T16:09:05
BPI17,pfm_ft,remaining_time,0,0,2,12.445629119873047,2026-09-11T16:09:32
BPI17,pfm_ft,remaining_time,10,10,0,7.1664276123046875,2026-09-11T16:29:02
BPI17,pfm_ft,remaining_time,10,10,1,7.16764497756958,2026-09-11T16:09:05
BPI17,pfm_ft,remaining_time,10,10,2,6.961717128753662,2026-09-11T16:09:32
BPI17,pfm_ft,remaining_time,100,100,0,7.245723247528076,2026-09-11T16:29:02
BPI17,pfm_ft,remaining_time,100,100,1,7.298981189727783,2026-09-11T16:09:05
BPI17,pfm_ft,remaining_time,100,100,2,6.8981032371521,2026-09-11T16:09:32
BPI17,pfm_ft,remaining_time,1000,1000,0,6.999334812164307,2026-09-11T16:29:02
BPI17,pfm_ft,remaining_time,1000,1000,1,6.736993312835693,2026-09-11T16:09:05
BPI17,pfm_ft,remaining_time,1000,1000,2,6.989416122436523,2026-09-11T16:09:32
BPI17,pfm_ft,remaining_time,30,30,0,7.270434379577637,2026-09-11T16:29:02
BPI17,pfm_ft,remaining_time,30,30,1,7.239737033843994,2026-09-11T16:09:05
BPI17,pfm_ft,remaining_time,30,30,2,6.9713287353515625,2026-09-11T16:09:32
BPI17,pfm_ft,remaining_time,300,300,0,6.888507843017578,2026-09-11T16:29:02
BPI17,pfm_ft,remaining_time,300,300,1,7.072917461395264,2026-09-11T16:09:05
BPI17,pfm_ft,remaining_time,300,300,2,7.160834789276123,2026-09-11T16:09:32
BPI17,pfm_ft,remaining_time,5000,5000,0,6.737076282501221,2026-09-11T16:29:02
BPI17,pfm_ft,remaining_time,5000,5000,1,6.763136386871338,2026-09-11T16:09:05
BPI17,pfm_ft,remaining_time,5000,5000,2,6.815290451049805,2026-09-11T16:09:32
BPI17,pfm_ft,remaining_time,all,20446,0,6.707051753997803,2026-09-11T16:29:02
BPI17,pfm_ft,remaining_time,all,20446,1,6.766232490539551,2026-09-11T16:09:05
BPI17,pfm_ft,remaining_time,all,20446,2,6.899391174316406,2026-09-11T16:09:32
BPI17,random_role,next_time,0,0,0,0.5920184850692749,2026-09-11T15:28:44
BPI17,random_role,next_time,0,0,1,0.5920193791389465,2026-09-11T15:44:30
BPI17,random_role,next_time,0,0,2,0.5920190215110779,2026-09-11T15:43:56
BPI17,random_role,next_time,10,10,0,0.5920112133026123,2026-09-11T15:28:44
BPI17,random_role,next_time,10,10,1,0.5920109748840332,2026-09-11T15:44:30
BPI17,random_role,next_time,10,10,2,0.5920122861862183,2026-09-11T15:43:56
BPI17,random_role,next_time,100,100,0,0.5920121669769287,2026-09-11T15:28:44
BPI17,random_role,next_time,100,100,1,0.5920187830924988,2026-09-11T15:44:30
BPI17,random_role,next_time,100,100,2,0.5920127034187317,2026-09-11T15:43:56
BPI17,random_role,next_time,1000,1000,0,0.591975212097168,2026-09-11T15:28:44
BPI17,random_role,next_time,1000,1000,1,0.5919795632362366,2026-09-11T15:44:30
BPI17,random_role,next_time,1000,1000,2,0.5919906497001648,2026-09-11T15:43:56
BPI17,random_role,next_time,30,30,0,0.5920177102088928,2026-09-11T15:28:44
BPI17,random_role,next_time,30,30,1,0.5920118689537048,2026-09-11T15:44:30
BPI17,random_role,next_time,30,30,2,0.5920120477676392,2026-09-11T15:43:56
BPI17,random_role,next_time,300,300,0,0.59199458360672,2026-09-11T15:28:44
BPI17,random_role,next_time,300,300,1,0.592009425163269,2026-09-11T15:44:30
BPI17,random_role,next_time,300,300,2,0.5920060873031616,2026-09-11T15:43:56
BPI17,random_role,next_time,5000,5000,0,0.5919311046600342,2026-09-11T15:28:44
BPI17,random_role,next_time,5000,5000,1,0.5919150710105896,2026-09-11T15:44:30
BPI17,random_role,next_time,5000,5000,2,0.5919488072395325,2026-09-11T15:43:56
BPI17,random_role,next_time,all,20446,0,0.5919402837753296,2026-09-11T15:28:44
BPI17,random_role,next_time,all,20446,1,0.5918397307395935,2026-09-11T15:44:30
BPI17,random_role,next_time,all,20446,2,0.5917467474937439,2026-09-11T15:43:56
BPI17,random_role,remaining_count,0,0,0,18.45901870727539,2026-09-11T15:28:44
BPI17,random_role,remaining_count,0,0,1,18.803081512451172,2026-09-11T15:44:30
BPI17,random_role,remaining_count,0,0,2,18.649200439453125,2026-09-11T15:43:56
BPI17,random_role,remaining_count,10,10,0,11.98082160949707,2026-09-11T15:28:44
BPI17,random_role,remaining_count,10,10,1,12.047908782958984,2026-09-11T15:44:30
BPI17,random_role,remaining_count,10,10,2,12.301453590393066,2026-09-11T15:43:56
BPI17,random_role,remaining_count,100,100,0,11.974628448486328,2026-09-11T15:28:44
BPI17,random_role,remaining_count,100,100,1,12.05302619934082,2026-09-11T15:44:30
BPI17,random_role,remaining_count,100,100,2,12.29540729522705,2026-09-11T15:43:56
BPI17,random_role,remaining_count,1000,1000,0,9.32815933227539,2026-09-11T15:28:44
BPI17,random_role,remaining_count,1000,1000,1,9.214303016662598,2026-09-11T15:44:30
BPI17,random_role,remaining_count,1000,1000,2,9.283767700195312,2026-09-11T15:43:56
BPI17,random_role,remaining_count,30,30,0,11.978925704956055,2026-09-11T15:28:44
BPI17,random_role,remaining_count,30,30,1,12.027844429016113,2026-09-11T15:44:30
BPI17,random_role,remaining_count,30,30,2,12.297457695007324,2026-09-11T15:43:56
BPI17,random_role,remaining_count,300,300,0,10.235710144042969,2026-09-11T15:28:44
BPI17,random_role,remaining_count,300,300,1,10.131105422973633,2026-09-11T15:44:30
BPI17,random_role,remaining_count,300,300,2,10.317300796508789,2026-09-11T15:43:56
BPI17,random_role,remaining_count,5000,5000,0,8.943385124206543,2026-09-11T15:28:44
BPI17,random_role,remaining_count,5000,5000,1,8.978219032287598,2026-09-11T15:44:30
BPI17,random_role,remaining_count,5000,5000,2,8.999469757080078,2026-09-11T15:43:56
BPI17,random_role,remaining_count,all,20446,0,8.884607315063477,2026-09-11T15:28:44
BPI17,random_role,remaining_count,all,20446,1,8.924673080444336,2026-09-11T15:44:30
BPI17,random_role,remaining_count,all,20446,2,8.890073776245117,2026-09-11T15:43:56
BPI17,random_role,remaining_time,0,0,0,12.445619583129883,2026-09-11T15:28:44
BPI17,random_role,remaining_time,0,0,1,12.445625305175781,2026-09-11T15:44:30
BPI17,random_role,remaining_time,0,0,2,12.445623397827148,2026-09-11T15:43:56
BPI17,random_role,remaining_time,10,10,0,12.066351890563965,2026-09-11T15:28:44
BPI17,random_role,remaining_time,10,10,1,12.151715278625488,2026-09-11T15:44:30
BPI17,random_role,remaining_time,10,10,2,12.257349967956543,2026-09-11T15:43:56
BPI17,random_role,remaining_time,100,100,0,12.057646751403809,2026-09-11T15:28:44
BPI17,random_role,remaining_time,100,100,1,12.160003662109375,2026-09-11T15:44:30
BPI17,random_role,remaining_time,100,100,2,12.249939918518066,2026-09-11T15:43:56
BPI17,random_role,remaining_time,1000,1000,0,8.083057403564453,2026-09-11T15:28:44
BPI17,random_role,remaining_time,1000,1000,1,8.23441219329834,2026-09-11T15:44:30
BPI17,random_role,remaining_time,1000,1000,2,8.128748893737793,2026-09-11T15:43:56
BPI17,random_role,remaining_time,30,30,0,12.05704116821289,2026-09-11T15:28:44
BPI17,random_role,remaining_time,30,30,1,12.151379585266113,2026-09-11T15:44:30
BPI17,random_role,remaining_time,30,30,2,12.255314826965332,2026-09-11T15:43:56
BPI17,random_role,remaining_time,300,300,0,8.172082901000977,2026-09-11T15:28:44
BPI17,random_role,remaining_time,300,300,1,8.077733039855957,2026-09-11T15:44:30
BPI17,random_role,remaining_time,300,300,2,8.04448127746582,2026-09-11T15:43:56
BPI17,random_role,remaining_time,5000,5000,0,7.777046203613281,2026-09-11T15:28:44
BPI17,random_role,remaining_time,5000,5000,1,7.671844005584717,2026-09-11T15:44:30
BPI17,random_role,remaining_time,5000,5000,2,7.7903947830200195,2026-09-11T15:43:56
BPI17,random_role,remaining_time,all,20446,0,7.566582202911377,2026-09-11T15:28:44
BPI17,random_role,remaining_time,all,20446,1,7.412466526031494,2026-09-11T15:44:30
BPI17,random_role,remaining_time,all,20446,2,7.4919633865356445,2026-09-11T15:43:56
BPI20ID,pfm,next_time,0,0,0,4.521254062652588,2026-09-11T10:23:06
BPI20ID,pfm,next_time,0,0,1,4.521254062652588,2026-09-11T10:23:57
BPI20ID,pfm,next_time,0,0,2,4.521254062652588,2026-09-11T10:25:26
BPI20ID,pfm,next_time,10,10,0,4.3964056968688965,2026-09-11T10:23:06
BPI20ID,pfm,next_time,10,10,1,4.703894138336182,2026-09-11T10:23:57
BPI20ID,pfm,next_time,10,10,2,5.534675121307373,2026-09-11T10:25:26
BPI20ID,pfm,next_time,100,100,0,4.819106101989746,2026-09-11T10:23:06
BPI20ID,pfm,next_time,100,100,1,4.610723972320557,2026-09-11T10:23:57
BPI20ID,pfm,next_time,100,100,2,4.711234092712402,2026-09-11T10:25:26
BPI20ID,pfm,next_time,1000,1000,0,5.74009370803833,2026-09-11T10:23:06
BPI20ID,pfm,next_time,1000,1000,1,5.8383660316467285,2026-09-11T10:23:57
BPI20ID,pfm,next_time,1000,1000,2,5.711987495422363,2026-09-11T10:25:26
BPI20ID,pfm,next_time,30,30,0,4.76862907409668,2026-09-11T10:23:06
BPI20ID,pfm,next_time,30,30,1,4.60811710357666,2026-09-11T10:23:57
BPI20ID,pfm,next_time,30,30,2,4.531052112579346,2026-09-11T10:25:26
BPI20ID,pfm,next_time,300,300,0,4.709951400756836,2026-09-11T10:23:06
BPI20ID,pfm,next_time,300,300,1,4.773240566253662,2026-09-11T10:23:57
BPI20ID,pfm,next_time,300,300,2,4.756922721862793,2026-09-11T10:25:26
BPI20ID,pfm,next_time,5000,4514,0,4.599365234375,2026-09-11T10:23:06
BPI20ID,pfm,next_time,5000,4514,1,4.712406158447266,2026-09-11T10:23:57
BPI20ID,pfm,next_time,5000,4514,2,4.637104034423828,2026-09-11T10:25:26
BPI20ID,pfm,next_time,all,4514,0,4.599365234375,2026-09-11T10:23:06
BPI20ID,pfm,next_time,all,4514,1,4.712406158447266,2026-09-11T10:23:57
BPI20ID,pfm,next_time,all,4514,2,4.637104034423828,2026-09-11T10:25:26
BPI20ID,pfm,remaining_count,0,0,0,6.089582920074463,2026-09-11T10:23:06
BPI20ID,pfm,remaining_count,0,0,1,5.977731704711914,2026-09-11T10:23:57
BPI20ID,pfm,remaining_count,0,0,2,5.465451717376709,2026-09-11T10:25:26
BPI20ID,pfm,remaining_count,10,10,0,2.1030139923095703,2026-09-11T10:23:06
BPI20ID,pfm,remaining_count,10,10,1,2.5170352458953857,2026-09-11T10:23:57
BPI20ID,pfm,remaining_count,10,10,2,2.687699556350708,2026-09-11T10:25:26
BPI20ID,pfm,remaining_count,100,100,0,2.24064040184021,2026-09-11T10:23:06
BPI20ID,pfm,remaining_count,100,100,1,1.9261974096298218,2026-09-11T10:23:57
BPI20ID,pfm,remaining_count,100,100,2,2.0815517902374268,2026-09-11T10:25:26
BPI20ID,pfm,remaining_count,1000,1000,0,1.4604917764663696,2026-09-11T10:23:06
BPI20ID,pfm,remaining_count,1000,1000,1,1.4514042139053345,2026-09-11T10:23:57
BPI20ID,pfm,remaining_count,1000,1000,2,1.4837812185287476,2026-09-11T10:25:26
BPI20ID,pfm,remaining_count,30,30,0,2.1074869632720947,2026-09-11T10:23:06
BPI20ID,pfm,remaining_count,30,30,1,2.041378974914551,2026-09-11T10:23:57
BPI20ID,pfm,remaining_count,30,30,2,2.2592616081237793,2026-09-11T10:25:26
BPI20ID,pfm,remaining_count,300,300,0,1.533968210220337,2026-09-11T10:23:06
BPI20ID,pfm,remaining_count,300,300,1,1.4995635747909546,2026-09-11T10:23:57
BPI20ID,pfm,remaining_count,300,300,2,1.677851676940918,2026-09-11T10:25:26
BPI20ID,pfm,remaining_count,5000,4514,0,1.341295838356018,2026-09-11T10:23:06
BPI20ID,pfm,remaining_count,5000,4514,1,1.3298399448394775,2026-09-11T10:23:57
BPI20ID,pfm,remaining_count,5000,4514,2,1.3129690885543823,2026-09-11T10:25:26
BPI20ID,pfm,remaining_count,all,4514,0,1.341295838356018,2026-09-11T10:23:06
BPI20ID,pfm,remaining_count,all,4514,1,1.3298399448394775,2026-09-11T10:23:57
BPI20ID,pfm,remaining_count,all,4514,2,1.3129690885543823,2026-09-11T10:25:26
BPI20ID,pfm,remaining_time,0,0,0,24.252687454223633,2026-09-11T10:23:06
BPI20ID,pfm,remaining_time,0,0,1,24.252687454223633,2026-09-11T10:23:57
BPI20ID,pfm,remaining_time,0,0,2,24.252681732177734,2026-09-11T10:25:26
BPI20ID,pfm,remaining_time,10,10,0,24.23769760131836,2026-09-11T10:23:06
BPI20ID,pfm,remaining_time,10,10,1,24.241018295288086,2026-09-11T10:23:57
BPI20ID,pfm,remaining_time,10,10,2,24.236703872680664,2026-09-11T10:25:26
BPI20ID,pfm,remaining_time,100,100,0,24.236759185791016,2026-09-11T10:23:06
BPI20ID,pfm,remaining_time,100,100,1,24.226470947265625,2026-09-11T10:23:57
BPI20ID,pfm,remaining_time,100,100,2,24.227460861206055,2026-09-11T10:25:26
BPI20ID,pfm,remaining_time,1000,1000,0,14.07305908203125,2026-09-11T10:23:06
BPI20ID,pfm,remaining_time,1000,1000,1,13.361075401306152,2026-09-11T10:23:57
BPI20ID,pfm,remaining_time,1000,1000,2,13.924927711486816,2026-09-11T10:25:26
BPI20ID,pfm,remaining_time,30,30,0,24.23960304260254,2026-09-11T10:23:06
BPI20ID,pfm,remaining_time,30,30,1,24.225467681884766,2026-09-11T10:23:57
BPI20ID,pfm,remaining_time,30,30,2,24.225746154785156,2026-09-11T10:25:26
BPI20ID,pfm,remaining_time,300,300,0,14.058359146118164,2026-09-11T10:23:06
BPI20ID,pfm,remaining_time,300,300,1,15.116220474243164,2026-09-11T10:23:57
BPI20ID,pfm,remaining_time,300,300,2,14.816631317138672,2026-09-11T10:25:26
BPI20ID,pfm,remaining_time,5000,4514,0,13.71867561340332,2026-09-11T10:23:06
BPI20ID,pfm,remaining_time,5000,4514,1,13.58076286315918,2026-09-11T10:23:57
BPI20ID,pfm,remaining_time,5000,4514,2,13.6592378616333,2026-09-11T10:25:26
BPI20ID,pfm,remaining_time,all,4514,0,13.71867561340332,2026-09-11T10:23:06
BPI20ID,pfm,remaining_time,all,4514,1,13.58076286315918,2026-09-11T10:23:57
BPI20ID,pfm,remaining_time,all,4514,2,13.6592378616333,2026-09-11T10:25:26
BPI20ID,pfm_ft,next_time,0,0,0,4.521254062652588,2026-09-11T10:30:02
BPI20ID,pfm_ft,next_time,0,0,1,4.521254062652588,2026-09-11T10:31:23
BPI20ID,pfm_ft,next_time,0,0,2,4.521254062652588,2026-09-11T10:32:30
BPI20ID,pfm_ft,next_time,10,10,0,4.167652130126953,2026-09-11T10:30:02
BPI20ID,pfm_ft,next_time,10,10,1,4.017573833465576,2026-09-11T10:31:23
BPI20ID,pfm_ft,next_time,10,10,2,4.639764785766602,2026-09-11T10:32:30
BPI20ID,pfm_ft,next_time,100,100,0,4.121598243713379,2026-09-11T10:30:02
BPI20ID,pfm_ft,next_time,100,100,1,4.352493762969971,2026-09-11T10:31:23
BPI20ID,pfm_ft,next_time,100,100,2,4.1268310546875,2026-09-11T10:32:30
BPI20ID,pfm_ft,next_time,1000,1000,0,3.5589773654937744,2026-09-11T10:30:02
BPI20ID,pfm_ft,next_time,1000,1000,1,3.7377781867980957,2026-09-11T10:31:23
BPI20ID,pfm_ft,next_time,1000,1000,2,3.946516275405884,2026-09-11T10:32:30
BPI20ID,pfm_ft,next_time,30,30,0,5.0831379890441895,2026-09-11T10:30:02
BPI20ID,pfm_ft,next_time,30,30,1,3.707340955734253,2026-09-11T10:31:23
BPI20ID,pfm_ft,next_time,30,30,2,3.9237618446350098,2026-09-11T10:32:30
BPI20ID,pfm_ft,next_time,300,300,0,3.5792183876037598,2026-09-11T10:30:02
BPI20ID,pfm_ft,next_time,300,300,1,3.576078414916992,2026-09-11T10:31:23
BPI20ID,pfm_ft,next_time,300,300,2,3.912214994430542,2026-09-11T10:32:30
BPI20ID,pfm_ft,next_time,5000,4514,0,3.77911114692688,2026-09-11T10:30:02
BPI20ID,pfm_ft,next_time,5000,4514,1,3.4641530513763428,2026-09-11T10:31:23
BPI20ID,pfm_ft,next_time,5000,4514,2,3.6779348850250244,2026-09-11T10:32:30
BPI20ID,pfm_ft,next_time,all,4514,0,3.77911114692688,2026-09-11T10:30:02
BPI20ID,pfm_ft,next_time,all,4514,1,3.4641530513763428,2026-09-11T10:31:23
BPI20ID,pfm_ft,next_time,all,4514,2,3.6779348850250244,2026-09-11T10:32:30
BPI20ID,pfm_ft,remaining_count,0,0,0,6.089582920074463,2026-09-11T10:30:02
BPI20ID,pfm_ft,remaining_count,0,0,1,5.977731704711914,2026-09-11T10:31:23
BPI20ID,pfm_ft,remaining_count,0,0,2,5.465451717376709,2026-09-11T10:32:30
BPI20ID,pfm_ft,remaining_count,10,10,0,1.350659728050232,2026-09-11T10:30:02
BPI20ID,pfm_ft,remaining_count,10,10,1,1.293511986732483,2026-09-11T10:31:23
BPI20ID,pfm_ft,remaining_count,10,10,2,1.5195398330688477,2026-09-11T10:32:30
BPI20ID,pfm_ft,remaining_count,100,100,0,0.996920645236969,2026-09-11T10:30:02
BPI20ID,pfm_ft,remaining_count,100,100,1,1.1004762649536133,2026-09-11T10:31:23
BPI20ID,pfm_ft,remaining_count,100,100,2,1.0619289875030518,2026-09-11T10:32:30
BPI20ID,pfm_ft,remaining_count,1000,1000,0,0.9683722257614136,2026-09-11T10:30:02
BPI20ID,pfm_ft,remaining_count,1000,1000,1,0.9001995921134949,2026-09-11T10:31:23
BPI20ID,pfm_ft,remaining_count,1000,1000,2,0.922467827796936,2026-09-11T10:32:30
BPI20ID,pfm_ft,remaining_count,30,30,0,1.229590892791748,2026-09-11T10:30:02
BPI20ID,pfm_ft,remaining_count,30,30,1,1.1241059303283691,2026-09-11T10:31:23
BPI20ID,pfm_ft,remaining_count,30,30,2,1.1564158201217651,2026-09-11T10:32:30
BPI20ID,pfm_ft,remaining_count,300,300,0,0.9949496388435364,2026-09-11T10:30:02
BPI20ID,pfm_ft,remaining_count,300,300,1,1.0016611814498901,2026-09-11T10:31:23
BPI20ID,pfm_ft,remaining_count,300,300,2,0.9671765565872192,2026-09-11T10:32:30
BPI20ID,pfm_ft,remaining_count,5000,4514,0,0.8840230703353882,2026-09-11T10:30:02
BPI20ID,pfm_ft,remaining_count,5000,4514,1,0.8862147927284241,2026-09-11T10:31:23
BPI20ID,pfm_ft,remaining_count,5000,4514,2,0.880108118057251,2026-09-11T10:32:30
BPI20ID,pfm_ft,remaining_count,all,4514,0,0.8840230703353882,2026-09-11T10:30:02
BPI20ID,pfm_ft,remaining_count,all,4514,1,0.8862147927284241,2026-09-11T10:31:23
BPI20ID,pfm_ft,remaining_count,all,4514,2,0.880108118057251,2026-09-11T10:32:30
BPI20ID,pfm_ft,remaining_time,0,0,0,24.252687454223633,2026-09-11T10:30:02
BPI20ID,pfm_ft,remaining_time,0,0,1,24.252687454223633,2026-09-11T10:31:23
BPI20ID,pfm_ft,remaining_time,0,0,2,24.252681732177734,2026-09-11T10:32:30
BPI20ID,pfm_ft,remaining_time,10,10,0,15.660934448242188,2026-09-11T10:30:02
BPI20ID,pfm_ft,remaining_time,10,10,1,16.35566520690918,2026-09-11T10:31:23
BPI20ID,pfm_ft,remaining_time,10,10,2,14.620028495788574,2026-09-11T10:32:30
BPI20ID,pfm_ft,remaining_time,100,100,0,15.623076438903809,2026-09-11T10:30:02
BPI20ID,pfm_ft,remaining_time,100,100,1,13.838353157043457,2026-09-11T10:31:23
BPI20ID,pfm_ft,remaining_time,100,100,2,14.434494018554688,2026-09-11T10:32:30
BPI20ID,pfm_ft,remaining_time,1000,1000,0,13.013457298278809,2026-09-11T10:30:02
BPI20ID,pfm_ft,remaining_time,1000,1000,1,14.914085388183594,2026-09-11T10:31:23
BPI20ID,pfm_ft,remaining_time,1000,1000,2,13.683303833007812,2026-09-11T10:32:30
BPI20ID,pfm_ft,remaining_time,30,30,0,14.25388240814209,2026-09-11T10:30:02
BPI20ID,pfm_ft,remaining_time,30,30,1,16.36261749267578,2026-09-11T10:31:23
BPI20ID,pfm_ft,remaining_time,30,30,2,15.21312141418457,2026-09-11T10:32:30
BPI20ID,pfm_ft,remaining_time,300,300,0,14.647342681884766,2026-09-11T10:30:02
BPI20ID,pfm_ft,remaining_time,300,300,1,16.551782608032227,2026-09-11T10:31:23
BPI20ID,pfm_ft,remaining_time,300,300,2,14.741214752197266,2026-09-11T10:32:30
BPI20ID,pfm_ft,remaining_time,5000,4514,0,12.548820495605469,2026-09-11T10:30:02
BPI20ID,pfm_ft,remaining_time,5000,4514,1,12.574151039123535,2026-09-11T10:31:23
BPI20ID,pfm_ft,remaining_time,5000,4514,2,14.876921653747559,2026-09-11T10:32:30
BPI20ID,pfm_ft,remaining_time,all,4514,0,12.548820495605469,2026-09-11T10:30:02
BPI20ID,pfm_ft,remaining_time,all,4514,1,12.574151039123535,2026-09-11T10:31:23
BPI20ID,pfm_ft,remaining_time,all,4514,2,14.876921653747559,2026-09-11T10:32:30
BPI20ID,random_role,next_time,0,0,0,4.647213459014893,2026-09-11T10:29:51
BPI20ID,random_role,next_time,0,0,1,4.647218227386475,2026-09-11T10:27:56
BPI20ID,random_role,next_time,0,0,2,4.647218227386475,2026-09-11T10:28:59
BPI20ID,random_role,next_time,10,10,0,4.340195178985596,2026-09-11T10:29:51
BPI20ID,random_role,next_time,10,10,1,4.402688980102539,2026-09-11T10:27:56
BPI20ID,random_role,next_time,10,10,2,4.539443016052246,2026-09-11T10:28:59
BPI20ID,random_role,next_time,100,100,0,4.340853691101074,2026-09-11T10:29:51
BPI20ID,random_role,next_time,100,100,1,4.408152103424072,2026-09-11T10:27:56
BPI20ID,random_role,next_time,100,100,2,4.5101637840271,2026-09-11T10:28:59
BPI20ID,random_role,next_time,1000,1000,0,3.862586736679077,2026-09-11T10:29:51
BPI20ID,random_role,next_time,1000,1000,1,3.974562644958496,2026-09-11T10:27:56
BPI20ID,random_role,next_time,1000,1000,2,3.8913421630859375,2026-09-11T10:28:59
BPI20ID,random_role,next_time,30,30,0,4.338368892669678,2026-09-11T10:29:51
BPI20ID,random_role,next_time,30,30,1,4.409962177276611,2026-09-11T10:27:56
BPI20ID,random_role,next_time,30,30,2,4.525286674499512,2026-09-11T10:28:59
BPI20ID,random_role,next_time,300,300,0,3.894218683242798,2026-09-11T10:29:51
BPI20ID,random_role,next_time,300,300,1,3.9944868087768555,2026-09-11T10:27:56
BPI20ID,random_role,next_time,300,300,2,3.965637683868408,2026-09-11T10:28:59
BPI20ID,random_role,next_time,5000,4514,0,3.849235773086548,2026-09-11T10:29:51
BPI20ID,random_role,next_time,5000,4514,1,3.944690227508545,2026-09-11T10:27:56
BPI20ID,random_role,next_time,5000,4514,2,3.8152217864990234,2026-09-11T10:28:59
BPI20ID,random_role,next_time,all,4514,0,3.849235773086548,2026-09-11T10:29:51
BPI20ID,random_role,next_time,all,4514,1,3.944690227508545,2026-09-11T10:27:56
BPI20ID,random_role,next_time,all,4514,2,3.8152217864990234,2026-09-11T10:28:59
BPI20ID,random_role,remaining_count,0,0,0,5.054501533508301,2026-09-11T10:29:51
BPI20ID,random_role,remaining_count,0,0,1,5.2442946434021,2026-09-11T10:27:56
BPI20ID,random_role,remaining_count,0,0,2,5.290182113647461,2026-09-11T10:28:59
BPI20ID,random_role,remaining_count,10,10,0,2.459601640701294,2026-09-11T10:29:51
BPI20ID,random_role,remaining_count,10,10,1,2.259033679962158,2026-09-11T10:27:56
BPI20ID,random_role,remaining_count,10,10,2,2.7356579303741455,2026-09-11T10:28:59
BPI20ID,random_role,remaining_count,100,100,0,2.3779993057250977,2026-09-11T10:29:51
BPI20ID,random_role,remaining_count,100,100,1,2.309948682785034,2026-09-11T10:27:56
BPI20ID,random_role,remaining_count,100,100,2,2.5506696701049805,2026-09-11T10:28:59
BPI20ID,random_role,remaining_count,1000,1000,0,1.7167819738388062,2026-09-11T10:29:51
BPI20ID,random_role,remaining_count,1000,1000,1,1.7671773433685303,2026-09-11T10:27:56
BPI20ID,random_role,remaining_count,1000,1000,2,1.819271206855774,2026-09-11T10:28:59
BPI20ID,random_role,remaining_count,30,30,0,2.391700506210327,2026-09-11T10:29:51
BPI20ID,random_role,remaining_count,30,30,1,2.259566068649292,2026-09-11T10:27:56
BPI20ID,random_role,remaining_count,30,30,2,2.549616813659668,2026-09-11T10:28:59
BPI20ID,random_role,remaining_count,300,300,0,1.6270248889923096,2026-09-11T10:29:51
BPI20ID,random_role,remaining_count,300,300,1,1.7135627269744873,2026-09-11T10:27:56
BPI20ID,random_role,remaining_count,300,300,2,1.8294564485549927,2026-09-11T10:28:59
BPI20ID,random_role,remaining_count,5000,4514,0,1.5030802488327026,2026-09-11T10:29:51
BPI20ID,random_role,remaining_count,5000,4514,1,1.6339836120605469,2026-09-11T10:27:56
BPI20ID,random_role,remaining_count,5000,4514,2,1.580568790435791,2026-09-11T10:28:59
BPI20ID,random_role,remaining_count,all,4514,0,1.5030802488327026,2026-09-11T10:29:51
BPI20ID,random_role,remaining_count,all,4514,1,1.6339836120605469,2026-09-11T10:27:56
BPI20ID,random_role,remaining_count,all,4514,2,1.580568790435791,2026-09-11T10:28:59
BPI20ID,random_role,remaining_time,0,0,0,24.252676010131836,2026-09-11T10:29:51
BPI20ID,random_role,remaining_time,0,0,1,24.252681732177734,2026-09-11T10:27:56
BPI20ID,random_role,remaining_time,0,0,2,24.252681732177734,2026-09-11T10:28:59
BPI20ID,random_role,remaining_time,10,10,0,23.766162872314453,2026-09-11T10:29:51
BPI20ID,random_role,remaining_time,10,10,1,23.881607055664062,2026-09-11T10:27:56
BPI20ID,random_role,remaining_time,10,10,2,24.110523223876953,2026-09-11T10:28:59
BPI20ID,random_role,remaining_time,100,100,0,23.800094604492188,2026-09-11T10:29:51
BPI20ID,random_role,remaining_time,100,100,1,23.855854034423828,2026-09-11T10:27:56
BPI20ID,random_role,remaining_time,100,100,2,24.05216407775879,2026-09-11T10:28:59
BPI20ID,random_role,remaining_time,1000,1000,0,13.352396965026855,2026-09-11T10:29:51
BPI20ID,random_role,remaining_time,1000,1000,1,13.537151336669922,2026-09-11T10:27:56
BPI20ID,random_role,remaining_time,1000,1000,2,14.745603561401367,2026-09-11T10:28:59
BPI20ID,random_role,remaining_time,30,30,0,23.792531967163086,2026-09-11T10:29:51
BPI20ID,random_role,remaining_time,30,30,1,23.84625244140625,2026-09-11T10:27:56
BPI20ID,random_role,remaining_time,30,30,2,24.075851440429688,2026-09-11T10:28:59
BPI20ID,random_role,remaining_time,300,300,0,14.577693939208984,2026-09-11T10:29:51
BPI20ID,random_role,remaining_time,300,300,1,12.991842269897461,2026-09-11T10:27:56
BPI20ID,random_role,remaining_time,300,300,2,13.929010391235352,2026-09-11T10:28:59
BPI20ID,random_role,remaining_time,5000,4514,0,15.800363540649414,2026-09-11T10:29:51
BPI20ID,random_role,remaining_time,5000,4514,1,15.762674331665039,2026-09-11T10:27:56
BPI20ID,random_role,remaining_time,5000,4514,2,15.23260498046875,2026-09-11T10:28:59
BPI20ID,random_role,remaining_time,all,4514,0,15.800363540649414,2026-09-11T10:29:51
BPI20ID,random_role,remaining_time,all,4514,1,15.762674331665039,2026-09-11T10:27:56
BPI20ID,random_role,remaining_time,all,4514,2,15.23260498046875,2026-09-11T10:28:59
bpi13_incidents,pfm,next_time,0,0,0,1.0876896381378174,2026-09-11T10:08:30
bpi13_incidents,pfm,next_time,0,0,1,1.0876896381378174,2026-09-11T10:07:26
bpi13_incidents,pfm,next_time,0,0,2,1.0876896381378174,2026-09-11T10:09:15
bpi13_incidents,pfm,next_time,10,10,0,0.87711501121521,2026-09-11T10:08:30
bpi13_incidents,pfm,next_time,10,10,1,0.9146507382392883,2026-09-11T10:07:26
bpi13_incidents,pfm,next_time,10,10,2,0.9963657259941101,2026-09-11T10:09:15
bpi13_incidents,pfm,next_time,100,100,0,1.6133817434310913,2026-09-11T10:08:30
bpi13_incidents,pfm,next_time,100,100,1,0.9311065077781677,2026-09-11T10:07:26
bpi13_incidents,pfm,next_time,100,100,2,1.7620198726654053,2026-09-11T10:09:15
bpi13_incidents,pfm,next_time,1000,1000,0,0.6928225159645081,2026-09-11T10:08:30
bpi13_incidents,pfm,next_time,1000,1000,1,0.7436366677284241,2026-09-11T10:07:26
bpi13_incidents,pfm,next_time,1000,1000,2,0.7493773102760315,2026-09-11T10:09:15
bpi13_incidents,pfm,next_time,30,30,0,0.9236568808555603,2026-09-11T10:08:30
bpi13_incidents,pfm,next_time,30,30,1,0.940665602684021,2026-09-11T10:07:26
bpi13_incidents,pfm,next_time,30,30,2,1.2489120960235596,2026-09-11T10:09:15
bpi13_incidents,pfm,next_time,300,300,0,1.2994678020477295,2026-09-11T10:08:30
bpi13_incidents,pfm,next_time,300,300,1,1.1528067588806152,2026-09-11T10:07:26
bpi13_incidents,pfm,next_time,300,300,2,1.2349728345870972,2026-09-11T10:09:15
bpi13_incidents,pfm,next_time,5000,5000,0,0.6625857949256897,2026-09-11T10:08:30
bpi13_incidents,pfm,next_time,5000,5000,1,0.6604198813438416,2026-09-11T10:07:26
bpi13_incidents,pfm,next_time,5000,5000,2,0.6658726930618286,2026-09-11T10:09:15
bpi13_incidents,pfm,next_time,all,5282,0,0.6578506231307983,2026-09-11T10:08:30
bpi13_incidents,pfm,next_time,all,5282,1,0.6589774489402771,2026-09-11T10:07:26
bpi13_incidents,pfm,next_time,all,5282,2,0.6610437631607056,2026-09-11T10:09:15
bpi13_incidents,pfm,remaining_count,0,0,0,3.5890495777130127,2026-09-11T10:08:30
bpi13_incidents,pfm,remaining_count,0,0,1,3.8438186645507812,2026-09-11T10:07:26
bpi13_incidents,pfm,remaining_count,0,0,2,4.0163893699646,2026-09-11T10:09:15
bpi13_incidents,pfm,remaining_count,10,10,0,2.2720868587493896,2026-09-11T10:08:30
bpi13_incidents,pfm,remaining_count,10,10,1,2.3204610347747803,2026-09-11T10:07:26
bpi13_incidents,pfm,remaining_count,10,10,2,2.1420745849609375,2026-09-11T10:09:15
bpi13_incidents,pfm,remaining_count,100,100,0,2.1695637702941895,2026-09-11T10:08:30
bpi13_incidents,pfm,remaining_count,100,100,1,2.2631819248199463,2026-09-11T10:07:26
bpi13_incidents,pfm,remaining_count,100,100,2,2.1657445430755615,2026-09-11T10:09:15
bpi13_incidents,pfm,remaining_count,1000,1000,0,2.2375755310058594,2026-09-11T10:08:30
bpi13_incidents,pfm,remaining_count,1000,1000,1,2.250541925430298,2026-09-11T10:07:26
bpi13_incidents,pfm,remaining_count,1000,1000,2,2.1749539375305176,2026-09-11T10:09:15
bpi13_incidents,pfm,remaining_count,30,30,0,2.200287103652954,2026-09-11T10:08:30
bpi13_incidents,pfm,remaining_count,30,30,1,2.238753080368042,2026-09-11T10:07:26
bpi13_incidents,pfm,remaining_count,30,30,2,2.1464691162109375,2026-09-11T10:09:15
bpi13_incidents,pfm,remaining_count,300,300,0,2.1617612838745117,2026-09-11T10:08:30
bpi13_incidents,pfm,remaining_count,300,300,1,2.2411787509918213,2026-09-11T10:07:26
bpi13_incidents,pfm,remaining_count,300,300,2,2.1508145332336426,2026-09-11T10:09:15
bpi13_incidents,pfm,remaining_count,5000,5000,0,2.2033491134643555,2026-09-11T10:08:30
bpi13_incidents,pfm,remaining_count,5000,5000,1,2.2262582778930664,2026-09-11T10:07:26
bpi13_incidents,pfm,remaining_count,5000,5000,2,2.2246453762054443,2026-09-11T10:09:15
bpi13_incidents,pfm,remaining_count,all,5282,0,2.2149713039398193,2026-09-11T10:08:30
bpi13_incidents,pfm,remaining_count,all,5282,1,2.2174627780914307,2026-09-11T10:07:26
bpi13_incidents,pfm,remaining_count,all,5282,2,2.210238456726074,2026-09-11T10:09:15
bpi13_incidents,pfm,remaining_time,0,0,0,4.378601551055908,2026-09-11T10:08:30
bpi13_incidents,pfm,remaining_time,0,0,1,4.378603935241699,2026-09-11T10:07:26
bpi13_incidents,pfm,remaining_time,0,0,2,4.378602981567383,2026-09-11T10:09:15
bpi13_incidents,pfm,remaining_time,10,10,0,4.286595344543457,2026-09-11T10:08:30
bpi13_incidents,pfm,remaining_time,10,10,1,4.318508625030518,2026-09-11T10:07:26
bpi13_incidents,pfm,remaining_time,10,10,2,4.330605506896973,2026-09-11T10:09:15
bpi13_incidents,pfm,remaining_time,100,100,0,4.3027472496032715,2026-09-11T10:08:30
bpi13_incidents,pfm,remaining_time,100,100,1,4.3089599609375,2026-09-11T10:07:26
bpi13_incidents,pfm,remaining_time,100,100,2,4.33664083480835,2026-09-11T10:09:15
bpi13_incidents,pfm,remaining_time,1000,1000,0,3.4199748039245605,2026-09-11T10:08:30
bpi13_incidents,pfm,remaining_time,1000,1000,1,3.5236213207244873,2026-09-11T10:07:26
bpi13_incidents,pfm,remaining_time,1000,1000,2,3.554159164428711,2026-09-11T10:09:15
bpi13_incidents,pfm,remaining_time,30,30,0,4.28106164932251,2026-09-11T10:08:30
bpi13_incidents,pfm,remaining_time,30,30,1,4.319813251495361,2026-09-11T10:07:26
bpi13_incidents,pfm,remaining_time,30,30,2,4.3348236083984375,2026-09-11T10:09:15
bpi13_incidents,pfm,remaining_time,300,300,0,3.4428718090057373,2026-09-11T10:08:30
bpi13_incidents,pfm,remaining_time,300,300,1,3.4990923404693604,2026-09-11T10:07:26
bpi13_incidents,pfm,remaining_time,300,300,2,3.5123298168182373,2026-09-11T10:09:15
bpi13_incidents,pfm,remaining_time,5000,5000,0,3.3716983795166016,2026-09-11T10:08:30
bpi13_incidents,pfm,remaining_time,5000,5000,1,3.371277332305908,2026-09-11T10:07:26
bpi13_incidents,pfm,remaining_time,5000,5000,2,3.360578775405884,2026-09-11T10:09:15
bpi13_incidents,pfm,remaining_time,all,5282,0,3.397768974304199,2026-09-11T10:08:30
bpi13_incidents,pfm,remaining_time,all,5282,1,3.5314300060272217,2026-09-11T10:07:26
bpi13_incidents,pfm,remaining_time,all,5282,2,3.352022409439087,2026-09-11T10:09:15
bpi13_incidents,pfm_ft,next_time,0,0,0,1.0876896381378174,2026-09-11T10:12:55
bpi13_incidents,pfm_ft,next_time,0,0,1,1.0876896381378174,2026-09-11T10:15:05
bpi13_incidents,pfm_ft,next_time,0,0,2,1.0876896381378174,2026-09-11T10:16:38
bpi13_incidents,pfm_ft,next_time,10,10,0,0.6751202940940857,2026-09-11T10:12:55
bpi13_incidents,pfm_ft,next_time,10,10,1,0.6806837320327759,2026-09-11T10:15:05
bpi13_incidents,pfm_ft,next_time,10,10,2,0.6573158502578735,2026-09-11T10:16:38
bpi13_incidents,pfm_ft,next_time,100,100,0,0.6308360695838928,2026-09-11T10:12:55
bpi13_incidents,pfm_ft,next_time,100,100,1,0.611480712890625,2026-09-11T10:15:05
bpi13_incidents,pfm_ft,next_time,100,100,2,0.6436047554016113,2026-09-11T10:16:38
bpi13_incidents,pfm_ft,next_time,1000,1000,0,0.5985575318336487,2026-09-11T10:12:55
bpi13_incidents,pfm_ft,next_time,1000,1000,1,0.5767953991889954,2026-09-11T10:15:05
bpi13_incidents,pfm_ft,next_time,1000,1000,2,0.6081613898277283,2026-09-11T10:16:38
bpi13_incidents,pfm_ft,next_time,30,30,0,0.7909259796142578,2026-09-11T10:12:55
bpi13_incidents,pfm_ft,next_time,30,30,1,0.690126359462738,2026-09-11T10:15:05
bpi13_incidents,pfm_ft,next_time,30,30,2,0.7438039183616638,2026-09-11T10:16:38
bpi13_incidents,pfm_ft,next_time,300,300,0,0.6297363638877869,2026-09-11T10:12:55
bpi13_incidents,pfm_ft,next_time,300,300,1,0.6033574938774109,2026-09-11T10:15:05
bpi13_incidents,pfm_ft,next_time,300,300,2,0.601833701133728,2026-09-11T10:16:38
bpi13_incidents,pfm_ft,next_time,5000,5000,0,0.5823559761047363,2026-09-11T10:12:55
bpi13_incidents,pfm_ft,next_time,5000,5000,1,0.6065714955329895,2026-09-11T10:15:05
bpi13_incidents,pfm_ft,next_time,5000,5000,2,0.551221489906311,2026-09-11T10:16:38
bpi13_incidents,pfm_ft,next_time,all,5282,0,0.5547740459442139,2026-09-11T10:12:55
bpi13_incidents,pfm_ft,next_time,all,5282,1,0.5735207796096802,2026-09-11T10:15:05
bpi13_incidents,pfm_ft,next_time,all,5282,2,0.5934070944786072,2026-09-11T10:16:38
bpi13_incidents,pfm_ft,remaining_count,0,0,0,3.5890495777130127,2026-09-11T10:12:55
bpi13_incidents,pfm_ft,remaining_count,0,0,1,3.8438186645507812,2026-09-11T10:15:05
bpi13_incidents,pfm_ft,remaining_count,0,0,2,4.0163893699646,2026-09-11T10:16:38
bpi13_incidents,pfm_ft,remaining_count,10,10,0,2.3398804664611816,2026-09-11T10:12:55
bpi13_incidents,pfm_ft,remaining_count,10,10,1,2.1683404445648193,2026-09-11T10:15:05
bpi13_incidents,pfm_ft,remaining_count,10,10,2,2.172412395477295,2026-09-11T10:16:38
bpi13_incidents,pfm_ft,remaining_count,100,100,0,2.160327672958374,2026-09-11T10:12:55
bpi13_incidents,pfm_ft,remaining_count,100,100,1,2.346122980117798,2026-09-11T10:15:05
bpi13_incidents,pfm_ft,remaining_count,100,100,2,2.2751200199127197,2026-09-11T10:16:38
bpi13_incidents,pfm_ft,remaining_count,1000,1000,0,2.1552693843841553,2026-09-11T10:12:55
bpi13_incidents,pfm_ft,remaining_count,1000,1000,1,2.0894336700439453,2026-09-11T10:15:05
bpi13_incidents,pfm_ft,remaining_count,1000,1000,2,2.1556689739227295,2026-09-11T10:16:38
bpi13_incidents,pfm_ft,remaining_count,30,30,0,2.317465305328369,2026-09-11T10:12:55
bpi13_incidents,pfm_ft,remaining_count,30,30,1,2.180227518081665,2026-09-11T10:15:05
bpi13_incidents,pfm_ft,remaining_count,30,30,2,2.1587612628936768,2026-09-11T10:16:38
bpi13_incidents,pfm_ft,remaining_count,300,300,0,2.2197117805480957,2026-09-11T10:12:55
bpi13_incidents,pfm_ft,remaining_count,300,300,1,2.3253557682037354,2026-09-11T10:15:05
bpi13_incidents,pfm_ft,remaining_count,300,300,2,2.2475733757019043,2026-09-11T10:16:38
bpi13_incidents,pfm_ft,remaining_count,5000,5000,0,2.092327833175659,2026-09-11T10:12:55
bpi13_incidents,pfm_ft,remaining_count,5000,5000,1,2.0772221088409424,2026-09-11T10:15:05
bpi13_incidents,pfm_ft,remaining_count,5000,5000,2,2.010770320892334,2026-09-11T10:16:38
bpi13_incidents,pfm_ft,remaining_count,all,5282,0,2.029143810272217,2026-09-11T10:12:55
bpi13_incidents,pfm_ft,remaining_count,all,5282,1,2.181297779083252,2026-09-11T10:15:05
bpi13_incidents,pfm_ft,remaining_count,all,5282,2,2.0624005794525146,2026-09-11T10:16:38
bpi13_incidents,pfm_ft,remaining_time,0,0,0,4.378601551055908,2026-09-11T10:12:55
bpi13_incidents,pfm_ft,remaining_time,0,0,1,4.378603935241699,2026-09-11T10:15:05
bpi13_incidents,pfm_ft,remaining_time,0,0,2,4.378602981567383,2026-09-11T10:16:38
bpi13_incidents,pfm_ft,remaining_time,10,10,0,3.466874122619629,2026-09-11T10:12:55
bpi13_incidents,pfm_ft,remaining_time,10,10,1,3.1766700744628906,2026-09-11T10:15:05
bpi13_incidents,pfm_ft,remaining_time,10,10,2,3.4761552810668945,2026-09-11T10:16:38
bpi13_incidents,pfm_ft,remaining_time,100,100,0,3.2502994537353516,2026-09-11T10:12:55
bpi13_incidents,pfm_ft,remaining_time,100,100,1,3.1550285816192627,2026-09-11T10:15:05
bpi13_incidents,pfm_ft,remaining_time,100,100,2,3.2174296379089355,2026-09-11T10:16:38
bpi13_incidents,pfm_ft,remaining_time,1000,1000,0,3.142828941345215,2026-09-11T10:12:55
bpi13_incidents,pfm_ft,remaining_time,1000,1000,1,3.0429532527923584,2026-09-11T10:15:05
bpi13_incidents,pfm_ft,remaining_time,1000,1000,2,3.202263355255127,2026-09-11T10:16:38
bpi13_incidents,pfm_ft,remaining_time,30,30,0,3.173553705215454,2026-09-11T10:12:55
bpi13_incidents,pfm_ft,remaining_time,30,30,1,3.2452073097229004,2026-09-11T10:15:05
bpi13_incidents,pfm_ft,remaining_time,30,30,2,3.356412649154663,2026-09-11T10:16:38
bpi13_incidents,pfm_ft,remaining_time,300,300,0,3.0216846466064453,2026-09-11T10:12:55
bpi13_incidents,pfm_ft,remaining_time,300,300,1,3.1826698780059814,2026-09-11T10:15:05
bpi13_incidents,pfm_ft,remaining_time,300,300,2,3.146916151046753,2026-09-11T10:16:38
bpi13_incidents,pfm_ft,remaining_time,5000,5000,0,3.1491594314575195,2026-09-11T10:12:55
bpi13_incidents,pfm_ft,remaining_time,5000,5000,1,3.0523135662078857,2026-09-11T10:15:05
bpi13_incidents,pfm_ft,remaining_time,5000,5000,2,2.9939188957214355,2026-09-11T10:16:38
bpi13_incidents,pfm_ft,remaining_time,all,5282,0,2.9939186573028564,2026-09-11T10:12:55
bpi13_incidents,pfm_ft,remaining_time,all,5282,1,3.2717320919036865,2026-09-11T10:15:05
bpi13_incidents,pfm_ft,remaining_time,all,5282,2,2.9791107177734375,2026-09-11T10:16:38
bpi13_incidents,random_role,next_time,0,0,0,0.888122022151947,2026-09-11T10:09:11
bpi13_incidents,random_role,next_time,0,0,1,0.8881232142448425,2026-09-11T10:12:16
bpi13_incidents,random_role,next_time,0,0,2,0.8881278038024902,2026-09-11T10:12:10
bpi13_incidents,random_role,next_time,10,10,0,0.886293888092041,2026-09-11T10:09:11
bpi13_incidents,random_role,next_time,10,10,1,0.8867471218109131,2026-09-11T10:12:16
bpi13_incidents,random_role,next_time,10,10,2,0.8863080739974976,2026-09-11T10:12:10
bpi13_incidents,random_role,next_time,100,100,0,0.88620525598526,2026-09-11T10:09:11
bpi13_incidents,random_role,next_time,100,100,1,0.8850693702697754,2026-09-11T10:12:16
bpi13_incidents,random_role,next_time,100,100,2,0.8855135440826416,2026-09-11T10:12:10
bpi13_incidents,random_role,next_time,1000,1000,0,0.8321387767791748,2026-09-11T10:09:11
bpi13_incidents,random_role,next_time,1000,1000,1,0.8668683171272278,2026-09-11T10:12:16
bpi13_incidents,random_role,next_time,1000,1000,2,0.8331382870674133,2026-09-11T10:12:10
bpi13_incidents,random_role,next_time,30,30,0,0.8847216367721558,2026-09-11T10:09:11
bpi13_incidents,random_role,next_time,30,30,1,0.8856334090232849,2026-09-11T10:12:16
bpi13_incidents,random_role,next_time,30,30,2,0.8858476281166077,2026-09-11T10:12:10
bpi13_incidents,random_role,next_time,300,300,0,0.8596900701522827,2026-09-11T10:09:11
bpi13_incidents,random_role,next_time,300,300,1,0.8771727085113525,2026-09-11T10:12:16
bpi13_incidents,random_role,next_time,300,300,2,0.8762432932853699,2026-09-11T10:12:10
bpi13_incidents,random_role,next_time,5000,5000,0,0.6710771918296814,2026-09-11T10:09:11
bpi13_incidents,random_role,next_time,5000,5000,1,0.761786162853241,2026-09-11T10:12:16
bpi13_incidents,random_role,next_time,5000,5000,2,0.7684673070907593,2026-09-11T10:12:10
bpi13_incidents,random_role,next_time,all,5282,0,0.6661747694015503,2026-09-11T10:09:11
bpi13_incidents,random_role,next_time,all,5282,1,0.7572242617607117,2026-09-11T10:12:16
bpi13_incidents,random_role,next_time,all,5282,2,0.7690526843070984,2026-09-11T10:12:10
bpi13_incidents,random_role,remaining_count,0,0,0,3.3917179107666016,2026-09-11T10:09:11
bpi13_incidents,random_role,remaining_count,0,0,1,3.406630516052246,2026-09-11T10:12:16
bpi13_incidents,random_role,remaining_count,0,0,2,3.6288602352142334,2026-09-11T10:12:10
bpi13_incidents,random_role,remaining_count,10,10,0,2.762364625930786,2026-09-11T10:09:11
bpi13_incidents,random_role,remaining_count,10,10,1,2.6954824924468994,2026-09-11T10:12:16
bpi13_incidents,random_role,remaining_count,10,10,2,2.6741275787353516,2026-09-11T10:12:10
bpi13_incidents,random_role,remaining_count,100,100,0,2.7385830879211426,2026-09-11T10:09:11
bpi13_incidents,random_role,remaining_count,100,100,1,2.781261920928955,2026-09-11T10:12:16
bpi13_incidents,random_role,remaining_count,100,100,2,2.7415716648101807,2026-09-11T10:12:10
bpi13_incidents,random_role,remaining_count,1000,1000,0,2.333219289779663,2026-09-11T10:09:11
bpi13_incidents,random_role,remaining_count,1000,1000,1,2.5519368648529053,2026-09-11T10:12:16
bpi13_incidents,random_role,remaining_count,1000,1000,2,2.356264352798462,2026-09-11T10:12:10
bpi13_incidents,random_role,remaining_count,30,30,0,2.748422622680664,2026-09-11T10:09:11
bpi13_incidents,random_role,remaining_count,30,30,1,2.7879133224487305,2026-09-11T10:12:16
bpi13_incidents,random_role,remaining_count,30,30,2,2.7131001949310303,2026-09-11T10:12:10
bpi13_incidents,random_role,remaining_count,300,300,0,2.715167284011841,2026-09-11T10:09:11
bpi13_incidents,random_role,remaining_count,300,300,1,2.696181535720825,2026-09-11T10:12:16
bpi13_incidents,random_role,remaining_count,300,300,2,2.7380895614624023,2026-09-11T10:12:10
bpi13_incidents,random_role,remaining_count,5000,5000,0,2.2911062240600586,2026-09-11T10:09:11
bpi13_incidents,random_role,remaining_count,5000,5000,1,2.378164291381836,2026-09-11T10:12:16
bpi13_incidents,random_role,remaining_count,5000,5000,2,2.3064301013946533,2026-09-11T10:12:10
bpi13_incidents,random_role,remaining_count,all,5282,0,2.2778944969177246,2026-09-11T10:09:11
bpi13_incidents,random_role,remaining_count,all,5282,1,2.329918384552002,2026-09-11T10:12:16
bpi13_incidents,random_role,remaining_count,all,5282,2,2.3151516914367676,2026-09-11T10:12:10
bpi13_incidents,random_role,remaining_time,0,0,0,4.378598690032959,2026-09-11T10:09:11
bpi13_incidents,random_role,remaining_time,0,0,1,4.378599166870117,2026-09-11T10:12:16
bpi13_incidents,random_role,remaining_time,0,0,2,4.378602504730225,2026-09-11T10:12:10
bpi13_incidents,random_role,remaining_time,10,10,0,4.186396598815918,2026-09-11T10:09:11
bpi13_incidents,random_role,remaining_time,10,10,1,4.1830291748046875,2026-09-11T10:12:16
bpi13_incidents,random_role,remaining_time,10,10,2,4.272400856018066,2026-09-11T10:12:10
bpi13_incidents,random_role,remaining_time,100,100,0,4.19177770614624,2026-09-11T10:09:11
bpi13_incidents,random_role,remaining_time,100,100,1,4.2144246101379395,2026-09-11T10:12:16
bpi13_incidents,random_role,remaining_time,100,100,2,4.287452220916748,2026-09-11T10:12:10
bpi13_incidents,random_role,remaining_time,1000,1000,0,3.6613974571228027,2026-09-11T10:09:11
bpi13_incidents,random_role,remaining_time,1000,1000,1,3.7966034412384033,2026-09-11T10:12:16
bpi13_incidents,random_role,remaining_time,1000,1000,2,3.62542724609375,2026-09-11T10:12:10
bpi13_incidents,random_role,remaining_time,30,30,0,4.180885314941406,2026-09-11T10:09:11
bpi13_incidents,random_role,remaining_time,30,30,1,4.208237648010254,2026-09-11T10:12:16
bpi13_incidents,random_role,remaining_time,30,30,2,4.283281326293945,2026-09-11T10:12:10
bpi13_incidents,random_role,remaining_time,300,300,0,3.4114842414855957,2026-09-11T10:09:11
bpi13_incidents,random_role,remaining_time,300,300,1,3.5695626735687256,2026-09-11T10:12:16
bpi13_incidents,random_role,remaining_time,300,300,2,3.671191692352295,2026-09-11T10:12:10
bpi13_incidents,random_role,remaining_time,5000,5000,0,3.415039300918579,2026-09-11T10:09:11
bpi13_incidents,random_role,remaining_time,5000,5000,1,3.5188114643096924,2026-09-11T10:12:16
bpi13_incidents,random_role,remaining_time,5000,5000,2,3.7762610912323,2026-09-11T10:12:10
bpi13_incidents,random_role,remaining_time,all,5282,0,3.3593881130218506,2026-09-11T10:09:11
bpi13_incidents,random_role,remaining_time,all,5282,1,3.508591413497925,2026-09-11T10:12:16
bpi13_incidents,random_role,remaining_time,all,5282,2,3.680589199066162,2026-09-11T10:12:10
helpdesk,pfm,next_time,0,0,0,4.76627254486084,2026-09-11T10:00:11
helpdesk,pfm,next_time,0,0,1,4.76627254486084,2026-09-11T09:59:42
helpdesk,pfm,next_time,0,0,2,4.76627254486084,2026-09-11T10:00:28
helpdesk,pfm,next_time,10,10,0,3.6902318000793457,2026-09-11T10:00:11
helpdesk,pfm,next_time,10,10,1,3.940478801727295,2026-09-11T09:59:42
helpdesk,pfm,next_time,10,10,2,3.641784906387329,2026-09-11T10:00:28
helpdesk,pfm,next_time,100,100,0,4.63574743270874,2026-09-11T10:00:11
helpdesk,pfm,next_time,100,100,1,3.7802069187164307,2026-09-11T09:59:42
helpdesk,pfm,next_time,100,100,2,3.7302894592285156,2026-09-11T10:00:28
helpdesk,pfm,next_time,1000,1000,0,3.6913106441497803,2026-09-11T10:00:11
helpdesk,pfm,next_time,1000,1000,1,4.190394401550293,2026-09-11T09:59:42
helpdesk,pfm,next_time,1000,1000,2,3.6983792781829834,2026-09-11T10:00:28
helpdesk,pfm,next_time,30,30,0,3.750971555709839,2026-09-11T10:00:11
helpdesk,pfm,next_time,30,30,1,4.374108791351318,2026-09-11T09:59:42
helpdesk,pfm,next_time,30,30,2,5.068897724151611,2026-09-11T10:00:28
helpdesk,pfm,next_time,300,300,0,3.7276253700256348,2026-09-11T10:00:11
helpdesk,pfm,next_time,300,300,1,4.023159980773926,2026-09-11T09:59:42
helpdesk,pfm,next_time,300,300,2,4.400178909301758,2026-09-11T10:00:28
helpdesk,pfm,next_time,5000,2662,0,3.608448028564453,2026-09-11T10:00:11
helpdesk,pfm,next_time,5000,2662,1,3.5794029235839844,2026-09-11T09:59:42
helpdesk,pfm,next_time,5000,2662,2,3.602949380874634,2026-09-11T10:00:28
helpdesk,pfm,next_time,all,2662,0,3.608448028564453,2026-09-11T10:00:11
helpdesk,pfm,next_time,all,2662,1,3.5794029235839844,2026-09-11T09:59:42
helpdesk,pfm,next_time,all,2662,2,3.602949380874634,2026-09-11T10:00:28
helpdesk,pfm,remaining_count,0,0,0,1.2574002742767334,2026-09-11T10:00:11
helpdesk,pfm,remaining_count,0,0,1,1.4298975467681885,2026-09-11T09:59:42
helpdesk,pfm,remaining_count,0,0,2,1.4537314176559448,2026-09-11T10:00:28
helpdesk,pfm,remaining_count,10,10,0,0.44858428835868835,2026-09-11T10:00:11
helpdesk,pfm,remaining_count,10,10,1,0.5066940784454346,2026-09-11T09:59:42
helpdesk,pfm,remaining_count,10,10,2,0.3181000351905823,2026-09-11T10:00:28
helpdesk,pfm,remaining_count,100,100,0,0.612673282623291,2026-09-11T10:00:11
helpdesk,pfm,remaining_count,100,100,1,0.5268688797950745,2026-09-11T09:59:42
helpdesk,pfm,remaining_count,100,100,2,0.46130967140197754,2026-09-11T10:00:28
helpdesk,pfm,remaining_count,1000,1000,0,0.301047682762146,2026-09-11T10:00:11
helpdesk,pfm,remaining_count,1000,1000,1,0.3240729868412018,2026-09-11T09:59:42
helpdesk,pfm,remaining_count,1000,1000,2,0.3089067041873932,2026-09-11T10:00:28
helpdesk,pfm,remaining_count,30,30,0,0.43726763129234314,2026-09-11T10:00:11
helpdesk,pfm,remaining_count,30,30,1,0.6387819051742554,2026-09-11T09:59:42
helpdesk,pfm,remaining_count,30,30,2,0.36168116331100464,2026-09-11T10:00:28
helpdesk,pfm,remaining_count,300,300,0,0.3900546431541443,2026-09-11T10:00:11
helpdesk,pfm,remaining_count,300,300,1,0.4472808539867401,2026-09-11T09:59:42
helpdesk,pfm,remaining_count,300,300,2,0.4030288755893707,2026-09-11T10:00:28
helpdesk,pfm,remaining_count,5000,2662,0,0.3098204433917999,2026-09-11T10:00:11
helpdesk,pfm,remaining_count,5000,2662,1,0.3346213400363922,2026-09-11T09:59:42
helpdesk,pfm,remaining_count,5000,2662,2,0.3007446527481079,2026-09-11T10:00:28
helpdesk,pfm,remaining_count,all,2662,0,0.3098204433917999,2026-09-11T10:00:11
helpdesk,pfm,remaining_count,all,2662,1,0.3346213400363922,2026-09-11T09:59:42
helpdesk,pfm,remaining_count,all,2662,2,0.3007446527481079,2026-09-11T10:00:28
helpdesk,pfm,remaining_time,0,0,0,5.38313102722168,2026-09-11T10:00:11
helpdesk,pfm,remaining_time,0,0,1,5.3831329345703125,2026-09-11T09:59:42
helpdesk,pfm,remaining_time,0,0,2,5.383131504058838,2026-09-11T10:00:28
helpdesk,pfm,remaining_time,10,10,0,5.341059684753418,2026-09-11T10:00:11
helpdesk,pfm,remaining_time,10,10,1,5.378579616546631,2026-09-11T09:59:42
helpdesk,pfm,remaining_time,10,10,2,5.363029479980469,2026-09-11T10:00:28
helpdesk,pfm,remaining_time,100,100,0,5.347370147705078,2026-09-11T10:00:11
helpdesk,pfm,remaining_time,100,100,1,5.324806213378906,2026-09-11T09:59:42
helpdesk,pfm,remaining_time,100,100,2,5.368091583251953,2026-09-11T10:00:28
helpdesk,pfm,remaining_time,1000,1000,0,5.026796817779541,2026-09-11T10:00:11
helpdesk,pfm,remaining_time,1000,1000,1,4.985722541809082,2026-09-11T09:59:42
helpdesk,pfm,remaining_time,1000,1000,2,5.017339706420898,2026-09-11T10:00:28
helpdesk,pfm,remaining_time,30,30,0,5.340909004211426,2026-09-11T10:00:11
helpdesk,pfm,remaining_time,30,30,1,5.332969665527344,2026-09-11T09:59:42
helpdesk,pfm,remaining_time,30,30,2,5.374032974243164,2026-09-11T10:00:28
helpdesk,pfm,remaining_time,300,300,0,5.146589279174805,2026-09-11T10:00:11
helpdesk,pfm,remaining_time,300,300,1,5.018955230712891,2026-09-11T09:59:42
helpdesk,pfm,remaining_time,300,300,2,5.059422969818115,2026-09-11T10:00:28
helpdesk,pfm,remaining_time,5000,2662,0,5.0533528327941895,2026-09-11T10:00:11
helpdesk,pfm,remaining_time,5000,2662,1,4.984781265258789,2026-09-11T09:59:42
helpdesk,pfm,remaining_time,5000,2662,2,4.9983673095703125,2026-09-11T10:00:28
helpdesk,pfm,remaining_time,all,2662,0,5.0533528327941895,2026-09-11T10:00:11
helpdesk,pfm,remaining_time,all,2662,1,4.984781265258789,2026-09-11T09:59:42
helpdesk,pfm,remaining_time,all,2662,2,4.9983673095703125,2026-09-11T10:00:28
helpdesk,pfm_ft,next_time,0,0,0,4.76627254486084,2026-09-11T10:01:06
helpdesk,pfm_ft,next_time,0,0,1,4.76627254486084,2026-09-11T10:02:38
helpdesk,pfm_ft,next_time,0,0,2,4.76627254486084,2026-09-11T10:02:31
helpdesk,pfm_ft,next_time,10,10,0,3.5772197246551514,2026-09-11T10:01:06
helpdesk,pfm_ft,next_time,10,10,1,4.083993911743164,2026-09-11T10:02:38
helpdesk,pfm_ft,next_time,10,10,2,3.643838882446289,2026-09-11T10:02:31
helpdesk,pfm_ft,next_time,100,100,0,3.6212151050567627,2026-09-11T10:01:06
helpdesk,pfm_ft,next_time,100,100,1,3.582202434539795,2026-09-11T10:02:38
helpdesk,pfm_ft,next_time,100,100,2,3.5832254886627197,2026-09-11T10:02:31
helpdesk,pfm_ft,next_time,1000,1000,0,3.5322749614715576,2026-09-11T10:01:06
helpdesk,pfm_ft,next_time,1000,1000,1,3.5303897857666016,2026-09-11T10:02:38
helpdesk,pfm_ft,next_time,1000,1000,2,3.532855987548828,2026-09-11T10:02:31
helpdesk,pfm_ft,next_time,30,30,0,3.6938114166259766,2026-09-11T10:01:06
helpdesk,pfm_ft,next_time,30,30,1,3.773822546005249,2026-09-11T10:02:38
helpdesk,pfm_ft,next_time,30,30,2,3.545905590057373,2026-09-11T10:02:31
helpdesk,pfm_ft,next_time,300,300,0,3.532257080078125,2026-09-11T10:01:06
helpdesk,pfm_ft,next_time,300,300,1,3.514789342880249,2026-09-11T10:02:38
helpdesk,pfm_ft,next_time,300,300,2,3.620011806488037,2026-09-11T10:02:31
helpdesk,pfm_ft,next_time,5000,2662,0,3.491798162460327,2026-09-11T10:01:06
helpdesk,pfm_ft,next_time,5000,2662,1,3.47552227973938,2026-09-11T10:02:38
helpdesk,pfm_ft,next_time,5000,2662,2,3.4895381927490234,2026-09-11T10:02:31
helpdesk,pfm_ft,next_time,all,2662,0,3.491798162460327,2026-09-11T10:01:06
helpdesk,pfm_ft,next_time,all,2662,1,3.47552227973938,2026-09-11T10:02:38
helpdesk,pfm_ft,next_time,all,2662,2,3.4895381927490234,2026-09-11T10:02:31
helpdesk,pfm_ft,remaining_count,0,0,0,1.2574002742767334,2026-09-11T10:01:06
helpdesk,pfm_ft,remaining_count,0,0,1,1.4298975467681885,2026-09-11T10:02:38
helpdesk,pfm_ft,remaining_count,0,0,2,1.4537314176559448,2026-09-11T10:02:31
helpdesk,pfm_ft,remaining_count,10,10,0,0.3593820333480835,2026-09-11T10:01:06
helpdesk,pfm_ft,remaining_count,10,10,1,0.4374779462814331,2026-09-11T10:02:38
helpdesk,pfm_ft,remaining_count,10,10,2,0.28586307168006897,2026-09-11T10:02:31
helpdesk,pfm_ft,remaining_count,100,100,0,0.3714916408061981,2026-09-11T10:01:06
helpdesk,pfm_ft,remaining_count,100,100,1,0.32548362016677856,2026-09-11T10:02:38
helpdesk,pfm_ft,remaining_count,100,100,2,0.38767245411872864,2026-09-11T10:02:31
helpdesk,pfm_ft,remaining_count,1000,1000,0,0.3066850006580353,2026-09-11T10:01:06
helpdesk,pfm_ft,remaining_count,1000,1000,1,0.29544639587402344,2026-09-11T10:02:38
helpdesk,pfm_ft,remaining_count,1000,1000,2,0.2940283417701721,2026-09-11T10:02:31
helpdesk,pfm_ft,remaining_count,30,30,0,0.3526003062725067,2026-09-11T10:01:06
helpdesk,pfm_ft,remaining_count,30,30,1,0.4564149081707001,2026-09-11T10:02:38
helpdesk,pfm_ft,remaining_count,30,30,2,0.30414271354675293,2026-09-11T10:02:31
helpdesk,pfm_ft,remaining_count,300,300,0,0.41682347655296326,2026-09-11T10:01:06
helpdesk,pfm_ft,remaining_count,300,300,1,0.3423216938972473,2026-09-11T10:02:38
helpdesk,pfm_ft,remaining_count,300,300,2,0.3427164852619171,2026-09-11T10:02:31
helpdesk,pfm_ft,remaining_count,5000,2662,0,0.28795820474624634,2026-09-11T10:01:06
helpdesk,pfm_ft,remaining_count,5000,2662,1,0.28032293915748596,2026-09-11T10:02:38
helpdesk,pfm_ft,remaining_count,5000,2662,2,0.2924312651157379,2026-09-11T10:02:31
helpdesk,pfm_ft,remaining_count,all,2662,0,0.28795820474624634,2026-09-11T10:01:06
helpdesk,pfm_ft,remaining_count,all,2662,1,0.28032293915748596,2026-09-11T10:02:38
helpdesk,pfm_ft,remaining_count,all,2662,2,0.2924312651157379,2026-09-11T10:02:31
helpdesk,pfm_ft,remaining_time,0,0,0,5.38313102722168,2026-09-11T10:01:06
helpdesk,pfm_ft,remaining_time,0,0,1,5.3831329345703125,2026-09-11T10:02:38
helpdesk,pfm_ft,remaining_time,0,0,2,5.383131504058838,2026-09-11T10:02:31
helpdesk,pfm_ft,remaining_time,10,10,0,5.150722503662109,2026-09-11T10:01:06
helpdesk,pfm_ft,remaining_time,10,10,1,5.049726963043213,2026-09-11T10:02:38
helpdesk,pfm_ft,remaining_time,10,10,2,5.067486763000488,2026-09-11T10:02:31
helpdesk,pfm_ft,remaining_time,100,100,0,4.8999409675598145,2026-09-11T10:01:06
helpdesk,pfm_ft,remaining_time,100,100,1,4.958409309387207,2026-09-11T10:02:38
helpdesk,pfm_ft,remaining_time,100,100,2,4.903579235076904,2026-09-11T10:02:31
helpdesk,pfm_ft,remaining_time,1000,1000,0,4.934390544891357,2026-09-11T10:01:06
helpdesk,pfm_ft,remaining_time,1000,1000,1,4.967135906219482,2026-09-11T10:02:38
helpdesk,pfm_ft,remaining_time,1000,1000,2,4.9644622802734375,2026-09-11T10:02:31
helpdesk,pfm_ft,remaining_time,30,30,0,4.971407890319824,2026-09-11T10:01:06
helpdesk,pfm_ft,remaining_time,30,30,1,4.9654998779296875,2026-09-11T10:02:38
helpdesk,pfm_ft,remaining_time,30,30,2,4.92596435546875,2026-09-11T10:02:31
helpdesk,pfm_ft,remaining_time,300,300,0,4.859934329986572,2026-09-11T10:01:06
helpdesk,pfm_ft,remaining_time,300,300,1,4.959053993225098,2026-09-11T10:02:38
helpdesk,pfm_ft,remaining_time,300,300,2,4.959202289581299,2026-09-11T10:02:31
helpdesk,pfm_ft,remaining_time,5000,2662,0,4.942941188812256,2026-09-11T10:01:06
helpdesk,pfm_ft,remaining_time,5000,2662,1,4.973391532897949,2026-09-11T10:02:38
helpdesk,pfm_ft,remaining_time,5000,2662,2,4.969026565551758,2026-09-11T10:02:31
helpdesk,pfm_ft,remaining_time,all,2662,0,4.942941188812256,2026-09-11T10:01:06
helpdesk,pfm_ft,remaining_time,all,2662,1,4.973391532897949,2026-09-11T10:02:38
helpdesk,pfm_ft,remaining_time,all,2662,2,4.969026565551758,2026-09-11T10:02:31
helpdesk,random_role,next_time,0,0,0,3.6855952739715576,2026-09-11T10:02:09
helpdesk,random_role,next_time,0,0,1,3.685596466064453,2026-09-11T10:01:31
helpdesk,random_role,next_time,0,0,2,3.6856038570404053,2026-09-11T10:00:52
helpdesk,random_role,next_time,10,10,0,3.659895896911621,2026-09-11T10:02:09
helpdesk,random_role,next_time,10,10,1,3.6633059978485107,2026-09-11T10:01:31
helpdesk,random_role,next_time,10,10,2,3.6653025150299072,2026-09-11T10:00:52
helpdesk,random_role,next_time,100,100,0,3.6436173915863037,2026-09-11T10:02:09
helpdesk,random_role,next_time,100,100,1,3.62479305267334,2026-09-11T10:01:31
helpdesk,random_role,next_time,100,100,2,3.649589776992798,2026-09-11T10:00:52
helpdesk,random_role,next_time,1000,1000,0,3.6227173805236816,2026-09-11T10:02:09
helpdesk,random_role,next_time,1000,1000,1,3.629701614379883,2026-09-11T10:01:31
helpdesk,random_role,next_time,1000,1000,2,3.623080015182495,2026-09-11T10:00:52
helpdesk,random_role,next_time,30,30,0,3.6328125,2026-09-11T10:02:09
helpdesk,random_role,next_time,30,30,1,3.6227550506591797,2026-09-11T10:01:31
helpdesk,random_role,next_time,30,30,2,3.6557228565216064,2026-09-11T10:00:52
helpdesk,random_role,next_time,300,300,0,3.629141330718994,2026-09-11T10:02:09
helpdesk,random_role,next_time,300,300,1,3.61222243309021,2026-09-11T10:01:31
helpdesk,random_role,next_time,300,300,2,3.6220102310180664,2026-09-11T10:00:52
helpdesk,random_role,next_time,5000,2662,0,3.583486557006836,2026-09-11T10:02:09
helpdesk,random_role,next_time,5000,2662,1,3.6093575954437256,2026-09-11T10:01:31
helpdesk,random_role,next_time,5000,2662,2,3.6319005489349365,2026-09-11T10:00:52
helpdesk,random_role,next_time,all,2662,0,3.583486557006836,2026-09-11T10:02:09
helpdesk,random_role,next_time,all,2662,1,3.6093575954437256,2026-09-11T10:01:31
helpdesk,random_role,next_time,all,2662,2,3.6319005489349365,2026-09-11T10:00:52
helpdesk,random_role,remaining_count,0,0,0,0.976428747177124,2026-09-11T10:02:09
helpdesk,random_role,remaining_count,0,0,1,0.9803571105003357,2026-09-11T10:01:31
helpdesk,random_role,remaining_count,0,0,2,1.260953426361084,2026-09-11T10:00:52
helpdesk,random_role,remaining_count,10,10,0,0.4142749011516571,2026-09-11T10:02:09
helpdesk,random_role,remaining_count,10,10,1,0.38604575395584106,2026-09-11T10:01:31
helpdesk,random_role,remaining_count,10,10,2,0.3567712903022766,2026-09-11T10:00:52
helpdesk,random_role,remaining_count,100,100,0,0.41276824474334717,2026-09-11T10:02:09
helpdesk,random_role,remaining_count,100,100,1,0.40931275486946106,2026-09-11T10:01:31
helpdesk,random_role,remaining_count,100,100,2,0.440089613199234,2026-09-11T10:00:52
helpdesk,random_role,remaining_count,1000,1000,0,0.28395140171051025,2026-09-11T10:02:09
helpdesk,random_role,remaining_count,1000,1000,1,0.2864067256450653,2026-09-11T10:01:31
helpdesk,random_role,remaining_count,1000,1000,2,0.32301852107048035,2026-09-11T10:00:52
helpdesk,random_role,remaining_count,30,30,0,0.41333067417144775,2026-09-11T10:02:09
helpdesk,random_role,remaining_count,30,30,1,0.5057820677757263,2026-09-11T10:01:31
helpdesk,random_role,remaining_count,30,30,2,0.2938261330127716,2026-09-11T10:00:52
helpdesk,random_role,remaining_count,300,300,0,0.47724711894989014,2026-09-11T10:02:09
helpdesk,random_role,remaining_count,300,300,1,0.5150547027587891,2026-09-11T10:01:31
helpdesk,random_role,remaining_count,300,300,2,0.49734440445899963,2026-09-11T10:00:52
helpdesk,random_role,remaining_count,5000,2662,0,0.29163849353790283,2026-09-11T10:02:09
helpdesk,random_role,remaining_count,5000,2662,1,0.2708725035190582,2026-09-11T10:01:31
helpdesk,random_role,remaining_count,5000,2662,2,0.280518501996994,2026-09-11T10:00:52
helpdesk,random_role,remaining_count,all,2662,0,0.29163849353790283,2026-09-11T10:02:09
helpdesk,random_role,remaining_count,all,2662,1,0.2708725035190582,2026-09-11T10:01:31
helpdesk,random_role,remaining_count,all,2662,2,0.280518501996994,2026-09-11T10:00:52
helpdesk,random_role,remaining_time,0,0,0,5.383128643035889,2026-09-11T10:02:09
helpdesk,random_role,remaining_time,0,0,1,5.383128643035889,2026-09-11T10:01:31
helpdesk,random_role,remaining_time,0,0,2,5.383131504058838,2026-09-11T10:00:52
helpdesk,random_role,remaining_time,10,10,0,5.350511074066162,2026-09-11T10:02:09
helpdesk,random_role,remaining_time,10,10,1,5.33280611038208,2026-09-11T10:01:31
helpdesk,random_role,remaining_time,10,10,2,5.36387300491333,2026-09-11T10:00:52
helpdesk,random_role,remaining_time,100,100,0,5.328747749328613,2026-09-11T10:02:09
helpdesk,random_role,remaining_time,100,100,1,5.320650577545166,2026-09-11T10:01:31
helpdesk,random_role,remaining_time,100,100,2,5.346152305603027,2026-09-11T10:00:52
helpdesk,random_role,remaining_time,1000,1000,0,5.176580429077148,2026-09-11T10:02:09
helpdesk,random_role,remaining_time,1000,1000,1,5.21748685836792,2026-09-11T10:01:31
helpdesk,random_role,remaining_time,1000,1000,2,5.180753707885742,2026-09-11T10:00:52
helpdesk,random_role,remaining_time,30,30,0,5.33738899230957,2026-09-11T10:02:09
helpdesk,random_role,remaining_time,30,30,1,5.2987565994262695,2026-09-11T10:01:31
helpdesk,random_role,remaining_time,30,30,2,5.363275527954102,2026-09-11T10:00:52
helpdesk,random_role,remaining_time,300,300,0,5.1909027099609375,2026-09-11T10:02:09
helpdesk,random_role,remaining_time,300,300,1,5.148110866546631,2026-09-11T10:01:31
helpdesk,random_role,remaining_time,300,300,2,5.157882213592529,2026-09-11T10:00:52
helpdesk,random_role,remaining_time,5000,2662,0,5.150116920471191,2026-09-11T10:02:09
helpdesk,random_role,remaining_time,5000,2662,1,5.2371506690979,2026-09-11T10:01:31
helpdesk,random_role,remaining_time,5000,2662,2,5.180024147033691,2026-09-11T10:00:52
helpdesk,random_role,remaining_time,all,2662,0,5.150116920471191,2026-09-11T10:02:09
helpdesk,random_role,remaining_time,all,2662,1,5.2371506690979,2026-09-11T10:01:31
helpdesk,random_role,remaining_time,all,2662,2,5.180024147033691,2026-09-11T10:00:52
mimic_transfer,pfm,next_time,0,0,0,2.5920681953430176,2026-09-11T10:12:51
mimic_transfer,pfm,next_time,0,0,1,2.5920684337615967,2026-09-11T10:15:50
mimic_transfer,pfm,next_time,0,0,2,2.5920681953430176,2026-09-11T10:15:36
mimic_transfer,pfm,next_time,10,10,0,1.7868584394454956,2026-09-11T10:12:51
mimic_transfer,pfm,next_time,10,10,1,1.681908369064331,2026-09-11T10:15:50
mimic_transfer,pfm,next_time,10,10,2,1.8559998273849487,2026-09-11T10:15:36
mimic_transfer,pfm,next_time,100,100,0,2.867147445678711,2026-09-11T10:12:51
mimic_transfer,pfm,next_time,100,100,1,4.0413432121276855,2026-09-11T10:15:50
mimic_transfer,pfm,next_time,100,100,2,2.407994508743286,2026-09-11T10:15:36
mimic_transfer,pfm,next_time,1000,1000,0,1.4084537029266357,2026-09-11T10:12:51
mimic_transfer,pfm,next_time,1000,1000,1,1.8991971015930176,2026-09-11T10:15:50
mimic_transfer,pfm,next_time,1000,1000,2,1.7306450605392456,2026-09-11T10:15:36
mimic_transfer,pfm,next_time,30,30,0,1.7539973258972168,2026-09-11T10:12:51
mimic_transfer,pfm,next_time,30,30,1,4.5958099365234375,2026-09-11T10:15:50
mimic_transfer,pfm,next_time,30,30,2,2.150181293487549,2026-09-11T10:15:36
mimic_transfer,pfm,next_time,300,300,0,1.6043487787246704,2026-09-11T10:12:51
mimic_transfer,pfm,next_time,300,300,1,2.137296199798584,2026-09-11T10:15:50
mimic_transfer,pfm,next_time,300,300,2,1.7411143779754639,2026-09-11T10:15:36
mimic_transfer,pfm,next_time,5000,3500,0,1.4908589124679565,2026-09-11T10:12:51
mimic_transfer,pfm,next_time,5000,3500,1,1.4141819477081299,2026-09-11T10:15:50
mimic_transfer,pfm,next_time,5000,3500,2,1.5005873441696167,2026-09-11T10:15:36
mimic_transfer,pfm,next_time,all,3500,0,1.4908589124679565,2026-09-11T10:12:51
mimic_transfer,pfm,next_time,all,3500,1,1.4141819477081299,2026-09-11T10:15:50
mimic_transfer,pfm,next_time,all,3500,2,1.5005873441696167,2026-09-11T10:15:36
mimic_transfer,pfm,remaining_count,0,0,0,2.371640682220459,2026-09-11T10:12:51
mimic_transfer,pfm,remaining_count,0,0,1,2.374722719192505,2026-09-11T10:15:50
mimic_transfer,pfm,remaining_count,0,0,2,2.1237337589263916,2026-09-11T10:15:36
mimic_transfer,pfm,remaining_count,10,10,0,0.8239194750785828,2026-09-11T10:12:51
mimic_transfer,pfm,remaining_count,10,10,1,0.777392566204071,2026-09-11T10:15:50
mimic_transfer,pfm,remaining_count,10,10,2,0.7626349925994873,2026-09-11T10:15:36
mimic_transfer,pfm,remaining_count,100,100,0,0.7316542267799377,2026-09-11T10:12:51
mimic_transfer,pfm,remaining_count,100,100,1,0.7581385374069214,2026-09-11T10:15:50
mimic_transfer,pfm,remaining_count,100,100,2,0.7392210960388184,2026-09-11T10:15:36
mimic_transfer,pfm,remaining_count,1000,1000,0,0.6383779644966125,2026-09-11T10:12:51
mimic_transfer,pfm,remaining_count,1000,1000,1,0.621486485004425,2026-09-11T10:15:50
mimic_transfer,pfm,remaining_count,1000,1000,2,0.6639732718467712,2026-09-11T10:15:36
mimic_transfer,pfm,remaining_count,30,30,0,0.7941192984580994,2026-09-11T10:12:51
mimic_transfer,pfm,remaining_count,30,30,1,0.7668861746788025,2026-09-11T10:15:50
mimic_transfer,pfm,remaining_count,30,30,2,0.8922228813171387,2026-09-11T10:15:36
mimic_transfer,pfm,remaining_count,300,300,0,0.6714046001434326,2026-09-11T10:12:51
mimic_transfer,pfm,remaining_count,300,300,1,0.6407855749130249,2026-09-11T10:15:50
mimic_transfer,pfm,remaining_count,300,300,2,0.6832290887832642,2026-09-11T10:15:36
mimic_transfer,pfm,remaining_count,5000,3500,0,0.616723895072937,2026-09-11T10:12:51
mimic_transfer,pfm,remaining_count,5000,3500,1,0.615005373954773,2026-09-11T10:15:50
mimic_transfer,pfm,remaining_count,5000,3500,2,0.6091493964195251,2026-09-11T10:15:36
mimic_transfer,pfm,remaining_count,all,3500,0,0.616723895072937,2026-09-11T10:12:51
mimic_transfer,pfm,remaining_count,all,3500,1,0.615005373954773,2026-09-11T10:15:50
mimic_transfer,pfm,remaining_count,all,3500,2,0.6091493964195251,2026-09-11T10:15:36
mimic_transfer,pfm,remaining_time,0,0,0,3.3086140155792236,2026-09-11T10:12:51
mimic_transfer,pfm,remaining_time,0,0,1,3.3086142539978027,2026-09-11T10:15:50
mimic_transfer,pfm,remaining_time,0,0,2,3.3086137771606445,2026-09-11T10:15:36
mimic_transfer,pfm,remaining_time,10,10,0,3.2985289096832275,2026-09-11T10:12:51
mimic_transfer,pfm,remaining_time,10,10,1,3.303223133087158,2026-09-11T10:15:50
mimic_transfer,pfm,remaining_time,10,10,2,3.299376964569092,2026-09-11T10:15:36
mimic_transfer,pfm,remaining_time,100,100,0,3.295872688293457,2026-09-11T10:12:51
mimic_transfer,pfm,remaining_time,100,100,1,3.301124334335327,2026-09-11T10:15:50
mimic_transfer,pfm,remaining_time,100,100,2,3.2993297576904297,2026-09-11T10:15:36
mimic_transfer,pfm,remaining_time,1000,1000,0,2.6898794174194336,2026-09-11T10:12:51
mimic_transfer,pfm,remaining_time,1000,1000,1,2.6856534481048584,2026-09-11T10:15:50
mimic_transfer,pfm,remaining_time,1000,1000,2,2.7329723834991455,2026-09-11T10:15:36
mimic_transfer,pfm,remaining_time,30,30,0,3.2980709075927734,2026-09-11T10:12:51
mimic_transfer,pfm,remaining_time,30,30,1,3.3022067546844482,2026-09-11T10:15:50
mimic_transfer,pfm,remaining_time,30,30,2,3.300130844116211,2026-09-11T10:15:36
mimic_transfer,pfm,remaining_time,300,300,0,2.9844563007354736,2026-09-11T10:12:51
mimic_transfer,pfm,remaining_time,300,300,1,2.9009757041931152,2026-09-11T10:15:50
mimic_transfer,pfm,remaining_time,300,300,2,2.895439386367798,2026-09-11T10:15:36
mimic_transfer,pfm,remaining_time,5000,3500,0,2.7287893295288086,2026-09-11T10:12:51
mimic_transfer,pfm,remaining_time,5000,3500,1,2.771319627761841,2026-09-11T10:15:50
mimic_transfer,pfm,remaining_time,5000,3500,2,2.800551414489746,2026-09-11T10:15:36
mimic_transfer,pfm,remaining_time,all,3500,0,2.7287893295288086,2026-09-11T10:12:51
mimic_transfer,pfm,remaining_time,all,3500,1,2.771319627761841,2026-09-11T10:15:50
mimic_transfer,pfm,remaining_time,all,3500,2,2.800551414489746,2026-09-11T10:15:36
mimic_transfer,pfm_ft,next_time,0,0,0,2.5920681953430176,2026-09-11T10:19:05
mimic_transfer,pfm_ft,next_time,0,0,1,2.5920684337615967,2026-09-11T10:19:20
mimic_transfer,pfm_ft,next_time,0,0,2,2.5920681953430176,2026-09-11T10:19:09
mimic_transfer,pfm_ft,next_time,10,10,0,1.2096492052078247,2026-09-11T10:19:05
mimic_transfer,pfm_ft,next_time,10,10,1,1.1936880350112915,2026-09-11T10:19:20
mimic_transfer,pfm_ft,next_time,10,10,2,1.2500724792480469,2026-09-11T10:19:09
mimic_transfer,pfm_ft,next_time,100,100,0,1.1110953092575073,2026-09-11T10:19:05
mimic_transfer,pfm_ft,next_time,100,100,1,1.184391975402832,2026-09-11T10:19:20
mimic_transfer,pfm_ft,next_time,100,100,2,1.1363377571105957,2026-09-11T10:19:09
mimic_transfer,pfm_ft,next_time,1000,1000,0,1.0231741666793823,2026-09-11T10:19:05
mimic_transfer,pfm_ft,next_time,1000,1000,1,1.024753212928772,2026-09-11T10:19:20
mimic_transfer,pfm_ft,next_time,1000,1000,2,1.0681984424591064,2026-09-11T10:19:09
mimic_transfer,pfm_ft,next_time,30,30,0,1.2108145952224731,2026-09-11T10:19:05
mimic_transfer,pfm_ft,next_time,30,30,1,1.2384053468704224,2026-09-11T10:19:20
mimic_transfer,pfm_ft,next_time,30,30,2,1.173460841178894,2026-09-11T10:19:09
mimic_transfer,pfm_ft,next_time,300,300,0,1.0649648904800415,2026-09-11T10:19:05
mimic_transfer,pfm_ft,next_time,300,300,1,1.0631691217422485,2026-09-11T10:19:20
mimic_transfer,pfm_ft,next_time,300,300,2,1.0722395181655884,2026-09-11T10:19:09
mimic_transfer,pfm_ft,next_time,5000,3500,0,1.012805461883545,2026-09-11T10:19:05
mimic_transfer,pfm_ft,next_time,5000,3500,1,1.0196242332458496,2026-09-11T10:19:20
mimic_transfer,pfm_ft,next_time,5000,3500,2,1.0229952335357666,2026-09-11T10:19:09
mimic_transfer,pfm_ft,next_time,all,3500,0,1.012805461883545,2026-09-11T10:19:05
mimic_transfer,pfm_ft,next_time,all,3500,1,1.0196242332458496,2026-09-11T10:19:20
mimic_transfer,pfm_ft,next_time,all,3500,2,1.0229952335357666,2026-09-11T10:19:09
mimic_transfer,pfm_ft,remaining_count,0,0,0,2.371640682220459,2026-09-11T10:19:05
mimic_transfer,pfm_ft,remaining_count,0,0,1,2.374722719192505,2026-09-11T10:19:20
mimic_transfer,pfm_ft,remaining_count,0,0,2,2.1237337589263916,2026-09-11T10:19:09
mimic_transfer,pfm_ft,remaining_count,10,10,0,0.6004376411437988,2026-09-11T10:19:05
mimic_transfer,pfm_ft,remaining_count,10,10,1,0.6341342329978943,2026-09-11T10:19:20
mimic_transfer,pfm_ft,remaining_count,10,10,2,0.6563448905944824,2026-09-11T10:19:09
mimic_transfer,pfm_ft,remaining_count,100,100,0,0.5528486371040344,2026-09-11T10:19:05
mimic_transfer,pfm_ft,remaining_count,100,100,1,0.5946183800697327,2026-09-11T10:19:20
mimic_transfer,pfm_ft,remaining_count,100,100,2,0.5572746396064758,2026-09-11T10:19:09
mimic_transfer,pfm_ft,remaining_count,1000,1000,0,0.501836895942688,2026-09-11T10:19:05
mimic_transfer,pfm_ft,remaining_count,1000,1000,1,0.4885150194168091,2026-09-11T10:19:20
mimic_transfer,pfm_ft,remaining_count,1000,1000,2,0.4737793803215027,2026-09-11T10:19:09
mimic_transfer,pfm_ft,remaining_count,30,30,0,0.6178469061851501,2026-09-11T10:19:05
mimic_transfer,pfm_ft,remaining_count,30,30,1,0.6538224220275879,2026-09-11T10:19:20
mimic_transfer,pfm_ft,remaining_count,30,30,2,0.6050943732261658,2026-09-11T10:19:09
mimic_transfer,pfm_ft,remaining_count,300,300,0,0.5321937799453735,2026-09-11T10:19:05
mimic_transfer,pfm_ft,remaining_count,300,300,1,0.5394918322563171,2026-09-11T10:19:20
mimic_transfer,pfm_ft,remaining_count,300,300,2,0.5128586888313293,2026-09-11T10:19:09
mimic_transfer,pfm_ft,remaining_count,5000,3500,0,0.48164862394332886,2026-09-11T10:19:05
mimic_transfer,pfm_ft,remaining_count,5000,3500,1,0.5161231756210327,2026-09-11T10:19:20
mimic_transfer,pfm_ft,remaining_count,5000,3500,2,0.4805484712123871,2026-09-11T10:19:09
mimic_transfer,pfm_ft,remaining_count,all,3500,0,0.48164862394332886,2026-09-11T10:19:05
mimic_transfer,pfm_ft,remaining_count,all,3500,1,0.5161231756210327,2026-09-11T10:19:20
mimic_transfer,pfm_ft,remaining_count,all,3500,2,0.4805484712123871,2026-09-11T10:19:09
mimic_transfer,pfm_ft,remaining_time,0,0,0,3.3086140155792236,2026-09-11T10:19:05
mimic_transfer,pfm_ft,remaining_time,0,0,1,3.3086142539978027,2026-09-11T10:19:20
mimic_transfer,pfm_ft,remaining_time,0,0,2,3.3086137771606445,2026-09-11T10:19:09
mimic_transfer,pfm_ft,remaining_time,10,10,0,2.660524606704712,2026-09-11T10:19:05
mimic_transfer,pfm_ft,remaining_time,10,10,1,2.514761209487915,2026-09-11T10:19:20
mimic_transfer,pfm_ft,remaining_time,10,10,2,2.5637083053588867,2026-09-11T10:19:09
mimic_transfer,pfm_ft,remaining_time,100,100,0,2.3830406665802,2026-09-11T10:19:05
mimic_transfer,pfm_ft,remaining_time,100,100,1,2.3824093341827393,2026-09-11T10:19:20
mimic_transfer,pfm_ft,remaining_time,100,100,2,2.4167416095733643,2026-09-11T10:19:09
mimic_transfer,pfm_ft,remaining_time,1000,1000,0,2.3103549480438232,2026-09-11T10:19:05
mimic_transfer,pfm_ft,remaining_time,1000,1000,1,2.3386600017547607,2026-09-11T10:19:20
mimic_transfer,pfm_ft,remaining_time,1000,1000,2,2.340780735015869,2026-09-11T10:19:09
mimic_transfer,pfm_ft,remaining_time,30,30,0,2.4909920692443848,2026-09-11T10:19:05
mimic_transfer,pfm_ft,remaining_time,30,30,1,2.4888134002685547,2026-09-11T10:19:20
mimic_transfer,pfm_ft,remaining_time,30,30,2,2.470285654067993,2026-09-11T10:19:09
mimic_transfer,pfm_ft,remaining_time,300,300,0,2.3366634845733643,2026-09-11T10:19:05
mimic_transfer,pfm_ft,remaining_time,300,300,1,2.37526273727417,2026-09-11T10:19:20
mimic_transfer,pfm_ft,remaining_time,300,300,2,2.3523898124694824,2026-09-11T10:19:09
mimic_transfer,pfm_ft,remaining_time,5000,3500,0,2.333268642425537,2026-09-11T10:19:05
mimic_transfer,pfm_ft,remaining_time,5000,3500,1,2.294055223464966,2026-09-11T10:19:20
mimic_transfer,pfm_ft,remaining_time,5000,3500,2,2.290686845779419,2026-09-11T10:19:09
mimic_transfer,pfm_ft,remaining_time,all,3500,0,2.333268642425537,2026-09-11T10:19:05
mimic_transfer,pfm_ft,remaining_time,all,3500,1,2.294055223464966,2026-09-11T10:19:20
mimic_transfer,pfm_ft,remaining_time,all,3500,2,2.290686845779419,2026-09-11T10:19:09
mimic_transfer,random_role,next_time,0,0,0,1.3825693130493164,2026-09-11T10:17:11
mimic_transfer,random_role,next_time,0,0,1,1.382569670677185,2026-09-11T10:16:24
mimic_transfer,random_role,next_time,0,0,2,1.3825732469558716,2026-09-11T10:18:45
mimic_transfer,random_role,next_time,10,10,0,1.323540210723877,2026-09-11T10:17:11
mimic_transfer,random_role,next_time,10,10,1,1.34552001953125,2026-09-11T10:16:24
mimic_transfer,random_role,next_time,10,10,2,1.349377155303955,2026-09-11T10:18:45
mimic_transfer,random_role,next_time,100,100,0,1.3128999471664429,2026-09-11T10:17:11
mimic_transfer,random_role,next_time,100,100,1,1.313194751739502,2026-09-11T10:16:24
mimic_transfer,random_role,next_time,100,100,2,1.3317447900772095,2026-09-11T10:18:45
mimic_transfer,random_role,next_time,1000,1000,0,1.301513671875,2026-09-11T10:17:11
mimic_transfer,random_role,next_time,1000,1000,1,1.2964667081832886,2026-09-11T10:16:24
mimic_transfer,random_role,next_time,1000,1000,2,1.2755757570266724,2026-09-11T10:18:45
mimic_transfer,random_role,next_time,30,30,0,1.3154784440994263,2026-09-11T10:17:11
mimic_transfer,random_role,next_time,30,30,1,1.3375810384750366,2026-09-11T10:16:24
mimic_transfer,random_role,next_time,30,30,2,1.3426289558410645,2026-09-11T10:18:45
mimic_transfer,random_role,next_time,300,300,0,1.2701550722122192,2026-09-11T10:17:11
mimic_transfer,random_role,next_time,300,300,1,1.263896107673645,2026-09-11T10:16:24
mimic_transfer,random_role,next_time,300,300,2,1.2607510089874268,2026-09-11T10:18:45
mimic_transfer,random_role,next_time,5000,3500,0,1.2915713787078857,2026-09-11T10:17:11
mimic_transfer,random_role,next_time,5000,3500,1,1.2983447313308716,2026-09-11T10:16:24
mimic_transfer,random_role,next_time,5000,3500,2,1.2716201543807983,2026-09-11T10:18:45
mimic_transfer,random_role,next_time,all,3500,0,1.2915713787078857,2026-09-11T10:17:11
mimic_transfer,random_role,next_time,all,3500,1,1.2983447313308716,2026-09-11T10:16:24
mimic_transfer,random_role,next_time,all,3500,2,1.2716201543807983,2026-09-11T10:18:45
mimic_transfer,random_role,remaining_count,0,0,0,1.7946388721466064,2026-09-11T10:17:11
mimic_transfer,random_role,remaining_count,0,0,1,1.7482932806015015,2026-09-11T10:16:24
mimic_transfer,random_role,remaining_count,0,0,2,1.971845030784607,2026-09-11T10:18:45
mimic_transfer,random_role,remaining_count,10,10,0,0.7908849716186523,2026-09-11T10:17:11
mimic_transfer,random_role,remaining_count,10,10,1,0.878118097782135,2026-09-11T10:16:24
mimic_transfer,random_role,remaining_count,10,10,2,0.9008919596672058,2026-09-11T10:18:45
mimic_transfer,random_role,remaining_count,100,100,0,0.7577487230300903,2026-09-11T10:17:11
mimic_transfer,random_role,remaining_count,100,100,1,0.8073886036872864,2026-09-11T10:16:24
mimic_transfer,random_role,remaining_count,100,100,2,0.8515834212303162,2026-09-11T10:18:45
mimic_transfer,random_role,remaining_count,1000,1000,0,0.8300671577453613,2026-09-11T10:17:11
mimic_transfer,random_role,remaining_count,1000,1000,1,0.8976559638977051,2026-09-11T10:16:24
mimic_transfer,random_role,remaining_count,1000,1000,2,0.8925302624702454,2026-09-11T10:18:45
mimic_transfer,random_role,remaining_count,30,30,0,0.7721632122993469,2026-09-11T10:17:11
mimic_transfer,random_role,remaining_count,30,30,1,0.8832948803901672,2026-09-11T10:16:24
mimic_transfer,random_role,remaining_count,30,30,2,0.9785564541816711,2026-09-11T10:18:45
mimic_transfer,random_role,remaining_count,300,300,0,0.7260319590568542,2026-09-11T10:17:11
mimic_transfer,random_role,remaining_count,300,300,1,0.89616459608078,2026-09-11T10:16:24
mimic_transfer,random_role,remaining_count,300,300,2,0.8315683603286743,2026-09-11T10:18:45
mimic_transfer,random_role,remaining_count,5000,3500,0,0.7398824095726013,2026-09-11T10:17:11
mimic_transfer,random_role,remaining_count,5000,3500,1,0.8169710040092468,2026-09-11T10:16:24
mimic_transfer,random_role,remaining_count,5000,3500,2,0.8629559874534607,2026-09-11T10:18:45
mimic_transfer,random_role,remaining_count,all,3500,0,0.7398824095726013,2026-09-11T10:17:11
mimic_transfer,random_role,remaining_count,all,3500,1,0.8169710040092468,2026-09-11T10:16:24
mimic_transfer,random_role,remaining_count,all,3500,2,0.8629559874534607,2026-09-11T10:18:45
mimic_transfer,random_role,remaining_time,0,0,0,3.308609962463379,2026-09-11T10:17:11
mimic_transfer,random_role,remaining_time,0,0,1,3.3086092472076416,2026-09-11T10:16:24
mimic_transfer,random_role,remaining_time,0,0,2,3.308612823486328,2026-09-11T10:18:45
mimic_transfer,random_role,remaining_time,10,10,0,3.2812275886535645,2026-09-11T10:17:11
mimic_transfer,random_role,remaining_time,10,10,1,3.2437686920166016,2026-09-11T10:16:24
mimic_transfer,random_role,remaining_time,10,10,2,3.2861568927764893,2026-09-11T10:18:45
mimic_transfer,random_role,remaining_time,100,100,0,3.2428789138793945,2026-09-11T10:17:11
mimic_transfer,random_role,remaining_time,100,100,1,3.220078706741333,2026-09-11T10:16:24
mimic_transfer,random_role,remaining_time,100,100,2,3.2702674865722656,2026-09-11T10:18:45
mimic_transfer,random_role,remaining_time,1000,1000,0,3.036918878555298,2026-09-11T10:17:11
mimic_transfer,random_role,remaining_time,1000,1000,1,3.026848554611206,2026-09-11T10:16:24
mimic_transfer,random_role,remaining_time,1000,1000,2,3.0134832859039307,2026-09-11T10:18:45
mimic_transfer,random_role,remaining_time,30,30,0,3.2379207611083984,2026-09-11T10:17:11
mimic_transfer,random_role,remaining_time,30,30,1,3.2149667739868164,2026-09-11T10:16:24
mimic_transfer,random_role,remaining_time,30,30,2,3.2851338386535645,2026-09-11T10:18:45
mimic_transfer,random_role,remaining_time,300,300,0,3.024474620819092,2026-09-11T10:17:11
mimic_transfer,random_role,remaining_time,300,300,1,2.978895664215088,2026-09-11T10:16:24
mimic_transfer,random_role,remaining_time,300,300,2,3.04242205619812,2026-09-11T10:18:45
mimic_transfer,random_role,remaining_time,5000,3500,0,3.042877197265625,2026-09-11T10:17:11
mimic_transfer,random_role,remaining_time,5000,3500,1,3.017589569091797,2026-09-11T10:16:24
mimic_transfer,random_role,remaining_time,5000,3500,2,3.0071732997894287,2026-09-11T10:18:45
mimic_transfer,random_role,remaining_time,all,3500,0,3.042877197265625,2026-09-11T10:17:11
mimic_transfer,random_role,remaining_time,all,3500,1,3.017589569091797,2026-09-11T10:16:24
mimic_transfer,random_role,remaining_time,all,3500,2,3.0071732997894287,2026-09-11T10:18:45
